MDDv2.0_Name,MDDv2.1_Name,Comment,Category,Reference
Anthops_ornatus,Anthops_ornatus,common name changed to Solomons Round-leaf Bat,common name,NA
Asellia_arabica,Asellia_arabica,common name changed to Arabian Trident Round-leaf Bat,common name,NA
Asellia_italosomalica,Asellia_italosomalica,common name changed to Somalian Trident Round-leaf Bat,common name,NA
Asellia_patrizii,Asellia_patrizii,common name changed to Patrizi's Trident Round-leaf Bat,common name,NA
Asellia_tridens,Asellia_tridens,common name changed to Geoffroy's Trident Round-leaf Bat,common name,NA
Beatragus_hunteri,Beatragus_hunteri,common name changed to Hirola,common name,NA
Brachyphylla_cavernarum,Brachyphylla_cavernarum,common name changed to Eastern Antillean Fruit-eating Bat,common name,NA
Brachyphylla_nana,Brachyphylla_nana,common name changed to Western Antillian Fruit-eating Bat,common name,NA
Callosciurus_caniceps,Callosciurus_caniceps,common name changed to Northern Gray-bellied Squirrel,common name,NA
Coelops_frithii,Coelops_frithii,common name changed to East Asian Tailless Round-leaf Bat,common name,NA
Coelops_hirsutus,Coelops_hirsutus,common name changed to Philippine Tailless Round-leaf Bat,common name,NA
Coelops_robinsoni,Coelops_robinsoni,common name changed to Malayan Tailless Round-leaf Bat,common name,NA
Dasypus_beniensis,Dasypus_beniensis,common name changed to Eastern Greater Long-nosed Armadillo,common name,NA
Dasypus_kappleri,Dasypus_kappleri,common name changed to Guianan Greater Long-nosed Armadillo,common name,NA
Dasypus_mazzai,Dasypus_mazzai,common name changed to Yungas Long-nosed Armadillo,common name,NA
Dasypus_pastasae,Dasypus_pastasae,common name changed to Western Greater Long-nosed Armadillo,common name,NA
Dasypus_sabanicola,Dasypus_sabanicola,common name changed to Llanos Long-nosed Armadillo,common name,NA
Dasypus_septemcinctus,Dasypus_septemcinctus,common name changed to Seven-banded Long-nosed Armadillo,common name,NA
Doryrhina_camerunensis,Doryrhina_camerunensis,common name changed to Greater Round-leaf Bat,common name,NA
Doryrhina_cyclops,Doryrhina_cyclops,common name changed to Cyclops Round-leaf Bat,common name,NA
Eozapus_setchuanus,Eozapus_setchuanus,common name changed to Sichuan Jumping Mouse,common name,NA
Hippocamelus_antisensis,Hippocamelus_antisensis,common name changed to Northern Huemul,common name,NA
Hippocamelus_bisulcus,Hippocamelus_bisulcus,common name changed to Southern Huemul,common name,NA
Hipposideros_abae,Hipposideros_abae,common name changed to Aba Round-leaf Bat,common name,NA
Hipposideros_alongensis,Hipposideros_alongensis,common name changed to Ha Long Round-leaf Bat,common name,NA
Hipposideros_antricola,Hipposideros_antricola,common name changed to Philippine Dusky Round-leaf Bat,common name,NA
Hipposideros_armiger,Hipposideros_armiger,common name changed to Great Himalayan Round-leaf Bat,common name,NA
Hipposideros_ater,Hipposideros_ater,common name changed to Common Dusky Round-leaf Bat,common name,NA
Hipposideros_beatus,Hipposideros_beatus,common name changed to Benito Round-leaf Bat,common name,NA
Hipposideros_bicolor,Hipposideros_bicolor,common name changed to Bicolored Round-leaf Bat,common name,NA
Hipposideros_boeadii,Hipposideros_boeadii,common name changed to Boeadi's Round-leaf Bat,common name,NA
Hipposideros_breviceps,Hipposideros_breviceps,common name changed to Short-headed Round-leaf Bat,common name,NA
Hipposideros_caffer,Hipposideros_caffer,common name changed to Sundevall's Round-leaf Bat,common name,NA
Hipposideros_calcaratus,Hipposideros_calcaratus,common name changed to Spurred Round-leaf Bat,common name,NA
Hipposideros_cervinus,Hipposideros_cervinus,common name changed to Fawn-colored Round-leaf Bat,common name,NA
Hipposideros_cineraceus,Hipposideros_cineraceus,common name changed to Least Round-leaf Bat,common name,NA
Hipposideros_coronatus,Hipposideros_coronatus,common name changed to Large Mindanao Round-leaf Bat,common name,NA
Hipposideros_corynophyllus,Hipposideros_corynophyllus,common name changed to Telefomin Round-leaf Bat,common name,NA
Hipposideros_coxi,Hipposideros_coxi,common name changed to Cox's Round-leaf Bat,common name,NA
Hipposideros_crumeniferus,Hipposideros_crumeniferus,common name changed to Timor Round-leaf Bat,common name,NA
Hipposideros_curtus,Hipposideros_curtus,common name changed to Short-tailed Round-leaf Bat,common name,NA
Hipposideros_demissus,Hipposideros_demissus,common name changed to Makira Round-leaf Bat,common name,NA
Hipposideros_diadema,Hipposideros_diadema,common name changed to Diadem Round-leaf Bat,common name,NA
Hipposideros_dinops,Hipposideros_dinops,common name changed to Fierce Round-leaf Bat,common name,NA
Hipposideros_doriae,Hipposideros_doriae,common name changed to Bornean Round-leaf Bat,common name,NA
Hipposideros_durgadasi,Hipposideros_durgadasi,common name changed to Durga Das's Round-leaf Bat,common name,NA
Hipposideros_dyacorum,Hipposideros_dyacorum,common name changed to Dayak Round-leaf Bat,common name,NA
Hipposideros_edwardshilli,Hipposideros_edwardshilli,common name changed to Hill's Round-leaf Bat,common name,NA
Hipposideros_einnaythu,Hipposideros_einnaythu,common name changed to House-dwelling Round-leaf Bat,common name,NA
Hipposideros_fuliginosus,Hipposideros_fuliginosus,common name changed to Sooty Round-leaf Bat,common name,NA
Hipposideros_fulvus,Hipposideros_fulvus,common name changed to Fulvus Round-leaf Bat,common name,NA
Hipposideros_galeritus,Hipposideros_galeritus,common name changed to Cantor's Round-leaf Bat,common name,NA
Hipposideros_gentilis,Hipposideros_gentilis,common name changed to Andersen's Round-leaf Bat,common name,NA
Hipposideros_grandis,Hipposideros_grandis,common name changed to Grand Round-leaf Bat,common name,NA
Hipposideros_griffini,Hipposideros_griffini,common name changed to Griffin's Round-leaf Bat,common name,NA
Hipposideros_halophyllus,Hipposideros_halophyllus,common name changed to Thailand Round-leaf Bat,common name,NA
Hipposideros_hypophyllus,Hipposideros_hypophyllus,common name changed to Kolar Round-leaf Bat,common name,NA
Hipposideros_inexpectatus,Hipposideros_inexpectatus,common name changed to Crested Round-leaf Bat,common name,NA
Hipposideros_inornatus,Hipposideros_inornatus,common name changed to Arnhem Round-leaf Bat,common name,NA
Hipposideros_jonesi,Hipposideros_jonesi,common name changed to Jones's Round-leaf Bat,common name,NA
Hipposideros_khaokhouayensis,Hipposideros_khaokhouayensis,common name changed to Phou Khao Khouay Round-leaf Bat,common name,NA
Hipposideros_kingstonae,Hipposideros_kingstonae,common name changed to Kingston's Round-leaf Bat,common name,NA
Hipposideros_kunzi,Hipposideros_kunzi,common name changed to Kunz's Round-leaf Bat,common name,NA
Hipposideros_lamottei,Hipposideros_lamottei,common name changed to Lamotte's Round-leaf Bat,common name,NA
Hipposideros_lankadiva,Hipposideros_lankadiva,common name changed to Indian Round-leaf Bat,common name,NA
Hipposideros_larvatus,Hipposideros_larvatus,common name changed to Horsfield's Round-leaf Bat,common name,NA
Hipposideros_lekaguli,Hipposideros_lekaguli,common name changed to Large Asian Round-leaf Bat,common name,NA
Hipposideros_lylei,Hipposideros_lylei,common name changed to Shield-faced Round-leaf Bat,common name,NA
Hipposideros_macrobullatus,Hipposideros_macrobullatus,common name changed to Big-eared Round-leaf Bat,common name,NA
Hipposideros_madurae,Hipposideros_madurae,common name changed to Maduran Round-leaf Bat,common name,NA
Hipposideros_maggietaylorae,Hipposideros_maggietaylorae,common name changed to Maggie Taylor's Round-leaf Bat,common name,NA
Hipposideros_marisae,Hipposideros_marisae,common name changed to Aellen's Round-leaf Bat,common name,NA
Hipposideros_megalotis,Hipposideros_megalotis,common name changed to Large-eared Round-leaf Bat,common name,NA
Hipposideros_muscinus,Hipposideros_muscinus,common name changed to Fly River Round-leaf Bat,common name,NA
Hipposideros_nequam,Hipposideros_nequam,common name changed to Malayan Round-leaf Bat,common name,NA
Hipposideros_nicobarulae,Hipposideros_nicobarulae,common name changed to Nicobar Round-leaf Bat,common name,NA
Hipposideros_obscurus,Hipposideros_obscurus,common name changed to Philippine Forest Round-leaf Bat,common name,NA
Hipposideros_orbiculus,Hipposideros_orbiculus,common name changed to Orbiculus Round-leaf Bat,common name,NA
Hipposideros_papua,Hipposideros_papua,common name changed to Biak Round-leaf Bat,common name,NA
Hipposideros_pelingensis,Hipposideros_pelingensis,common name changed to Peleng Round-leaf Bat,common name,NA
Hipposideros_pendleburyi,Hipposideros_pendleburyi,common name changed to Pendlebury's Round-leaf Bat,common name,NA
Hipposideros_pomona,Hipposideros_pomona,common name changed to Pomona Round-leaf Bat,common name,NA
Hipposideros_poutensis,Hipposideros_poutensis,common name changed to Allen's Round-leaf Bat,common name,NA
Hipposideros_pygmaeus,Hipposideros_pygmaeus,common name changed to Philippine Pygmy Round-leaf Bat,common name,NA
Hipposideros_ridleyi,Hipposideros_ridleyi,common name changed to Ridley's Round-leaf Bat,common name,NA
Hipposideros_rotalis,Hipposideros_rotalis,common name changed to Laotian Round-leaf Bat,common name,NA
Hipposideros_ruber,Hipposideros_ruber,common name changed to Noack's Round-leaf Bat,common name,NA
Hipposideros_scutinares,Hipposideros_scutinares,common name changed to Shield-nosed Round-leaf Bat,common name,NA
Hipposideros_semoni,Hipposideros_semoni,common name changed to Semon's Round-leaf Bat,common name,NA
Hipposideros_sorenseni,Hipposideros_sorenseni,common name changed to Sorensen's Round-leaf Bat,common name,NA
Hipposideros_speoris,Hipposideros_speoris,common name changed to Schneider's Round-leaf Bat,common name,NA
Hipposideros_stenotis,Hipposideros_stenotis,common name changed to Northern Round-leaf Bat,common name,NA
Hipposideros_sumbae,Hipposideros_sumbae,common name changed to Sumban Round-leaf Bat,common name,NA
Hipposideros_swinhoii,Hipposideros_swinhoii,common name changed to Swinhoe's Round-leaf Bat,common name,NA
Hipposideros_tephrus,Hipposideros_tephrus,common name changed to Maghreb Round-leaf Bat,common name,NA
Hipposideros_turpis,Hipposideros_turpis,common name changed to Lesser Round-leaf Bat,common name,NA
Hipposideros_wollastoni,Hipposideros_wollastoni,common name changed to Wollaston's Round-leaf Bat,common name,NA
Leopoldamys_siporanus,Leopoldamys_siporanus,common name changed to Mentawai Long-tailed Giant Rat,common name,NA
Lyroderma_lyra,Lyroderma_lyra,common name changed to Indian Greater False-vampire,common name,NA
Macronycteris_commersonii,Macronycteris_commersonii,common name changed to Commerson's Round-leaf Bat,common name,NA
Macronycteris_cryptovalorona,Macronycteris_cryptovalorona,common name changed to Madagascar Cryptic Round-leaf Bat,common name,NA
Macronycteris_gigas,Macronycteris_gigas,common name changed to Giant Round-leaf Bat,common name,NA
Macronycteris_thomensis,Macronycteris_thomensis,common name changed to Sao Tome Round-leaf Bat,common name,NA
Macronycteris_vittata,Macronycteris_vittata,common name changed to Striped Round-leaf Bat,common name,NA
Monophyllus_plethodon,Monophyllus_plethodon,common name changed to Eastern Antillean Single-leaf Bat,common name,NA
Monophyllus_redmani,Monophyllus_redmani,common name changed to Western Antillean Single-leaf Bat,common name,NA
Oxymycterus_paramensis,Oxymycterus_paramensis,common name changed to Northern Páramo Hocicudo,common name,NA
Phataginus_tetradactylus,Phataginus_tetradactylus,common name changed to Black-bellied Pangolin,common name,NA
Phataginus_tricuspis,Phataginus_tricuspis,common name changed to White-bellied Pangolin,common name,NA
Philantomba_walteri,Philantomba_walteri,common name changed to Walter's Duiker,common name,NA
Rattus_lugens,Rattus_lugens,common name changed to Mentawai Rat,common name,NA
Scaptonyx_fusicauda,Scaptonyx_fusicauda,common name changed to Northern Long-tailed Mole,common name,NA
Sminthopsis_virginiae,Sminthopsis_virginiae,common name changed to Eastern Red-cheeked Dunnart,common name,NA
Thomasomys_ischyrus,Thomasomys_ischyrus,common name changed to Long-tailed Oldfield Mouse,common name,NA
NA,Coendou_vossi,recently described,de novo,"Ramírez-Chaves, H. E., Mazepa, G. O., Morales-Martínez, D. M., Suárez-Castro, A. F., Colmenares-Pinzón, J. E., Pulido-Santacruz, P., & Noguera-Urbano, E. A. (2025). A review of the Quichua Porcupine Coendou quichua complex (Rodentia: Erethizontidae) with the description of a new species from Colombia. Journal of Mammalogy, gyae140."
NA,Crocidura_binco,recently described,de novo,"Hutterer, R., Jocque, M., Mertens, J., Mpongo, D.M. and Mbende, M. 2024-08-29. Three small species of shrews (Soricidae) from the Salonga National Park, Democratic Republic of the Congo, representing two new taxa and a new record. Mammalia (in press)."
NA,Crocidura_darvishi,recently described,de novo,"Mahmoudi, A., Shad, H. H., & Kryštufek, B. (2025). White-toothed shrew (genus Crocidura) diversity in Iran: Molecular evidence and taxonomic implications. Zoologischer Anzeiger, 314, 149-158."
NA,Crocidura_medogensis,recently described,de novo,"Shunde, C. H. E. N., Siyu, Y. A. N. G., Jiao, Q. I. N. G., Ronghui, F. A. N., Keyi, T. A. N. G., Rui, L. I. A. O., ... & Shaoying, L. I. U. (2024). Two new species of genus Crocidura (Eulipotyphla: Soricidae) from Xizang, China. ACTA THERIOLOGICA SINICA, 44(5), 529."
NA,Crocidura_salonga,recently described,de novo,"Hutterer, R., Jocque, M., Mertens, J., Mpongo, D.M. and Mbende, M. 2024-08-29. Three small species of shrews (Soricidae) from the Salonga National Park, Democratic Republic of the Congo, representing two new taxa and a new record. Mammalia (in press)."
NA,Crocidura_zhadaensis,recently described,de novo,"Shunde, C. H. E. N., Siyu, Y. A. N. G., Jiao, Q. I. N. G., Ronghui, F. A. N., Keyi, T. A. N. G., Rui, L. I. A. O., ... & Shaoying, L. I. U. (2024). Two new species of genus Crocidura (Eulipotyphla: Soricidae) from Xizang, China. ACTA THERIOLOGICA SINICA, 44(5), 529."
NA,Ctenomys_chechehet,recently described,de novo,"Mapelli, F.J., Esquenazi, S.M., Teta, P., Austrich, A., Kittlein, M.J., Pereyra, D., Tammone, M.N. and Mora, M.S. 2024-12. Stuck between rivers: a new species of Ctenomys from northern Argentine Patagonia. Journal of Mammalian Evolution 31(38):1-15."
NA,Ctenomys_terraplen,recently described,de novo,"Brook, F., González, B., Tomasco, I.H., Verzi, D.H. and Martin, G.M. 2024-10-17. Within the forest: a new species of _Ctenomys_ (Rodentia: Ctenomyidae) from northwestern Patagonia. Journal of Mammalogy (in press)."
NA,Dendromus_pseudomystacalis,recently described,de novo,"Mulualem, G., Lavrenchenko, L.A., Kerbis Peterhans, J.C., Mikula, O., Bryjová, A., Meheretu, Y. and Bryja, J. 2024-10-17. Taxonomic revision and evolutionary history of the climbing mice in eastern Africa (_Dendromus_ _mystacalis_ clade): the role of elevation and geographical barriers in the speciation process. Organisms Diversity & Evolution (in press)."
NA,Dendromus_rogersi,recently described,de novo,"Mulualem, G., Lavrenchenko, L.A., Kerbis Peterhans, J.C., Mikula, O., Bryjová, A., Meheretu, Y. and Bryja, J. 2024-10-17. Taxonomic revision and evolutionary history of the climbing mice in eastern Africa (_Dendromus_ _mystacalis_ clade): the role of elevation and geographical barriers in the speciation process. Organisms Diversity & Evolution (in press)."
NA,Eozapus_wanglangensis,recently described,de novo,"Yang, S., Xie, F., Zhou, C., Zhang, Z., Wang, X., Liu, S., & Chen, S. (2025). Molecular phylogeny and taxonomy of the genus Eozapus (Mammalia, Rodentia, Zapodidae) with the description of a new species. Zoosystematics and Evolution, 101(2), 597-608."
NA,Hipposideros_srilankaensis,recently described,de novo,"Srinivasulu, B., Kusuminda, T., Srinivasulu, A., Ukuwela, K.D.B., Amarasinghe, C.J., Siriwardana, S., Kaur, H., Mannakkara, A., Soisook, P., Kamalakannan, M., Yapa, W.B. and Srinivasulu, C. 2025-02-25. Taxonomic revision of the South Asian allies of _Hipposideros galeritus_ Cantor, 1846. Zootaxa 5590(4):507-530."
NA,Murina_yuanyang,recently described,de novo,"Mou, X., Qian, Y., Li, M., Li, B., Luo, X. and Li, S. 2024-08-15. A new species of _Murina_ (Chiroptera: Vespertilionidae) from Yunnan, China. Animals 14(2371):1-15."
NA,Murina_yushuensis,recently described,de novo,"Wang, X., Han, X., Csorba, G., Wu, Y., Chen, H., Zhao, X., ... & Lu, Z. (2024). A new species of Tube-nosed Bat (Chiroptera: Vespertilionidae: Murina) from Qinghai–Tibet Plateau, China. Journal of Mammalogy, gyae104."
NA,Myotis_guarani,recently described,de novo,"Novaes, R. L. M., Cláudio, V. C., Bertocchi, N. A., de Oliveira, K., Semedo, T. B., Saldanha, J., ... & Moratelli, R. (2025). Unveiling the shelf life: a new cryptic species of Myotis (Chiroptera, Vespertilionidae) from South America revealed by an integrative taxonomy approach. Journal of Mammalogy, gyaf016."
NA,Neodon_lhozhagensis,recently described,de novo,"Wang, S.-Y., Li, Y.-X., Li, Q., Song, W.-Y., Wang, H.-.J., He, S.-W., Onditi, K. O., Khanal, L., Li, X.-Y., Chen, Z.-Z., & Jiang, X.-L. (2024). A new species of mountain vole (Rodentia, Cricetidae, Neodon) from South Xizang, China. Zoological Research: Diversity and Conservation, 1(4), 282-289."
NA,Neohylomys_vietnamensis,recently described,de novo,"Bannikova, A.A., Lebedev, V.S., Gorchkhanov, D., Fei, L., Dung, D.T., Hai, B.T., Kruskop, S.V., Rozhnov, V.V. and Abramov, A.V. 2024-11-27. A new species of _Neohylomys_ (Eulipotyphla: Galericidae) from northern Vietnam. Zootaxa 5541(3):294-306."
NA,Notiosorex_carrawayae,recently described,de novo,"Camargo, I., Polly, P.David, Álvarez-Castañeda, S.T. and Stuhler, J.D. 2024-09-27. Paleophylogeography of _Notiosorex_ desert shrews with description of a new species. Journal of Mammalogy 105(5):1067-1082."
NA,Rhagomys_jequitiba,recently described,de novo,"Bonvicino, C.R., Pires, C., Lanes, R. de O. and Faria, M.B. 2024-09-13. The rare rodent genus _Rhagomys_ (Rodentia, Sigmodontinae): biogeographical patterns and description of a new species. Mammal Research (in press)."
NA,Rhinolophus_kirghisorum,recently described,de novo,"Benda, P., Ševčík, M., Horáček, I., Uvizl, M., Reiter, A., & Uhrin, M. (2024). Bats (Mammalia: Chiroptera) of the Eastern Mediterranean and Middle East. Part 17. New records of bats and their ectoparasites from Tajikistan with a review of these faunas of the country including a description of a new species of horseshoe bat. Acta Soc. Zool. Bohem , 88 , 1-213."
NA,Rhinolophus_webalai,recently described,de novo,"Patterson, B.D., Demos, T.C., Torrent, L., Grunwald, A.L., Montauban, C., Kerbis Peterhans, J.C., McDonough, M.M., Dick, C.W., Bartonjo, M., Schoeman, M.Corrie, Ruedas, L.A. and Juste, J. 2024-09-13. Systematics of the _Rhinolophus landeri_ complex, with evidence for 3 additional Afrotropical bat species. Journal of Mammalogy (in press)."
NA,Scaptonyx_wangi,recently described,de novo,"Song, W.-y., Chen, Z.-z., Li, Q., Hu, W.-h., Zhou, H.-W., Xie, M.-R., Li, X.-y. and Jiang, X.-l. 2025-03-15. Taxonomic revision of the Long-tailed Mole (Talpidae: _Scaptonyx_) with description of a new species from the Gaoligong Mountains. Journal of Mammalogy (in press)."
NA,Thomasomys_igor,recently described,de novo,"Brito, J., García, R., Castellanos, F.X., Gavilanes, G., Curay, J., Carrión-Olmedo, J.C., Reyes-Barriga, D., Guayasamin, J.M., Salazar-Bravo, J. and Pinto, C.M. 2024-11-05. Two new species of _Thomasomys_ (Cricetidae: Sigmodontinae) from the western Andes of Ecuador and an updated phylogenetic hypothesis for the genus. Vertebrate Zoology 74:709-734."
NA,Thomasomys_otavalo,recently described,de novo,"Brito, J., García, R., Castellanos, F.X., Gavilanes, G., Curay, J., Carrión-Olmedo, J.C., Reyes-Barriga, D., Guayasamin, J.M., Salazar-Bravo, J. and Pinto, C.M. 2024-11-05. Two new species of _Thomasomys_ (Cricetidae: Sigmodontinae) from the western Andes of Ecuador and an updated phylogenetic hypothesis for the genus. Vertebrate Zoology 74:709-734."
NA,Typhlomys_taxuansis,recently described,de novo,"Balakirev, A., Phuong, B. and Rozhnov, V.V. 2024-10-29. _Typhlomys taxuansis_ (Rodentia, Platacanthomyidae): new species of the genus from northern Vietnam with notes on conservation status and distribution. Biodiversity Data Journal 12(e133363):1-21."
NA,Uropsilus_funiushanensis,recently described,de novo,"Jiang, H., Yang, Y., Zhou, Y., Tian, J., & Lu, J. (2025). Molecular Phylogeny of Uropsilus (Talpidae, Eulipotyphla, Mammalia) With a New Species Described From Henan Province, China. Ecology and Evolution, 15(2), e70928."
Nycticeinops_crassulus,Afropipistrellus_crassulus,moved from Nycticeinops to Afropipistrellus,genus change,"Demos, T. C., Webala, P. W., Monadjem, A., & Patterson, B. D. (2024). Nuclear introns support the subtribe Laephotina and recently proposed genera of African Vespertilionidae. Acta Chiropterologica, 26(2), 143-152."
Nycticeinops_eisentrauti,Afropipistrellus_eisentrauti,moved from Nycticeinops to Afropipistrellus,genus change,"Demos, T. C., Webala, P. W., Monadjem, A., & Patterson, B. D. (2024). Nuclear introns support the subtribe Laephotina and recently proposed genera of African Vespertilionidae. Acta Chiropterologica, 26(2), 143-152."
Nycticeinops_grandidieri,Afropipistrellus_grandidieri,moved from Nycticeinops to Afropipistrellus,genus change,"Demos, T. C., Webala, P. W., Monadjem, A., & Patterson, B. D. (2024). Nuclear introns support the subtribe Laephotina and recently proposed genera of African Vespertilionidae. Acta Chiropterologica, 26(2), 143-152."
Nycticeinops_happoldorum,Afropipistrellus_happoldorum,moved from Nycticeinops to Afropipistrellus,genus change,"Demos, T. C., Webala, P. W., Monadjem, A., & Patterson, B. D. (2024). Nuclear introns support the subtribe Laephotina and recently proposed genera of African Vespertilionidae. Acta Chiropterologica, 26(2), 143-152."
Nycticeinops_macrocephalus,Afropipistrellus_macrocephalus,moved from Nycticeinops to Afropipistrellus,genus change,"Demos, T. C., Webala, P. W., Monadjem, A., & Patterson, B. D. (2024). Nuclear introns support the subtribe Laephotina and recently proposed genera of African Vespertilionidae. Acta Chiropterologica, 26(2), 143-152."
Handleyomys_alfaroi,Casiomys_alfaroi,moved from Handleyomys to Casiomys,genus change,"Voss, R.S. 2024. A new genus for the ""Alfaroi Group"" of _Oryzomys_ sensu lato (Rodentia: Cricetidae: Sigmodontinae). American Museum Novitates 4030:1-9. doi:10.1206/4030.1"
Handleyomys_chapmani,Casiomys_chapmani,moved from Handleyomys to Casiomys,genus change,"Voss, R.S. 2024. A new genus for the ""Alfaroi Group"" of _Oryzomys_ sensu lato (Rodentia: Cricetidae: Sigmodontinae). American Museum Novitates 4030:1-9. doi:10.1206/4030.1"
Handleyomys_guerrerensis,Casiomys_guerrerensis,moved from Handleyomys to Casiomys,genus change,"Voss, R.S. 2024. A new genus for the ""Alfaroi Group"" of _Oryzomys_ sensu lato (Rodentia: Cricetidae: Sigmodontinae). American Museum Novitates 4030:1-9. doi:10.1206/4030.1"
Handleyomys_melanotis,Casiomys_melanotis,moved from Handleyomys to Casiomys,genus change,"Voss, R.S. 2024. A new genus for the ""Alfaroi Group"" of _Oryzomys_ sensu lato (Rodentia: Cricetidae: Sigmodontinae). American Museum Novitates 4030:1-9. doi:10.1206/4030.1"
Handleyomys_rhabdops,Casiomys_rhabdops,moved from Handleyomys to Casiomys,genus change,"Voss, R.S. 2024. A new genus for the ""Alfaroi Group"" of _Oryzomys_ sensu lato (Rodentia: Cricetidae: Sigmodontinae). American Museum Novitates 4030:1-9. doi:10.1206/4030.1"
Handleyomys_rostratus,Casiomys_rostratus,moved from Handleyomys to Casiomys,genus change,"Voss, R.S. 2024. A new genus for the ""Alfaroi Group"" of _Oryzomys_ sensu lato (Rodentia: Cricetidae: Sigmodontinae). American Museum Novitates 4030:1-9. doi:10.1206/4030.1"
Handleyomys_saturatior,Casiomys_saturatior,moved from Handleyomys to Casiomys,genus change,"Voss, R.S. 2024. A new genus for the ""Alfaroi Group"" of _Oryzomys_ sensu lato (Rodentia: Cricetidae: Sigmodontinae). American Museum Novitates 4030:1-9. doi:10.1206/4030.1"
Thomomys_atrovarius,Megascapheus_atrovarius,moved from Thomomys to Megascapheus,genus change,"Álvarez-Castañeda, S. T., & Segura-Trujillo, C. A. (2025). Genus-level review of pocket gophers in the family Geomyidae. Therya, 16(1), 41-75."
Thomomys_bottae,Megascapheus_bottae,moved from Thomomys to Megascapheus,genus change,"Álvarez-Castañeda, S. T., & Segura-Trujillo, C. A. (2025). Genus-level review of pocket gophers in the family Geomyidae. Therya, 16(1), 41-75."
Thomomys_bulbivorus,Megascapheus_bulbivorus,moved from Thomomys to Megascapheus,genus change,"Álvarez-Castañeda, S. T., & Segura-Trujillo, C. A. (2025). Genus-level review of pocket gophers in the family Geomyidae. Therya, 16(1), 41-75."
Thomomys_nayarensis,Megascapheus_nayarensis,moved from Thomomys to Megascapheus,genus change,"Álvarez-Castañeda, S. T., & Segura-Trujillo, C. A. (2025). Genus-level review of pocket gophers in the family Geomyidae. Therya, 16(1), 41-75."
Thomomys_sheldoni,Megascapheus_sheldoni,moved from Thomomys to Megascapheus,genus change,"Álvarez-Castañeda, S. T., & Segura-Trujillo, C. A. (2025). Genus-level review of pocket gophers in the family Geomyidae. Therya, 16(1), 41-75."
Thomomys_townsendii,Megascapheus_townsendii,moved from Thomomys to Megascapheus,genus change,"Álvarez-Castañeda, S. T., & Segura-Trujillo, C. A. (2025). Genus-level review of pocket gophers in the family Geomyidae. Therya, 16(1), 41-75."
Thomomys_umbrinus,Megascapheus_umbrinus,moved from Thomomys to Megascapheus,genus change,"Álvarez-Castañeda, S. T., & Segura-Trujillo, C. A. (2025). Genus-level review of pocket gophers in the family Geomyidae. Therya, 16(1), 41-75."
Tadarida_aegyptiaca,Nyctinomus_aegyptiacus,moved from Tadarida to Nyctinomus,genus change,"Benda, P., Faizolâhi, K., Andreas, M., Obuch, J., Reiter, A., Ševčík, M., ... & Ashrafi, S. (2012). Bats (Mammalia: Chiroptera) of the Eastern Mediterranean and Middle East. Part 10. Bat fauna of Iran. Acta Societatis Zoologicae Bohemicae, 76(1-4), 163-582."
Abrocoma_famatina,Abrocoma_cinerea,lumped into A. cinerea,lump,"González-Pinilla, F. J., Latorre, C., & Palma, R. E. (2024). Molecular systematics of chinchilla rats and taxonomic assessment of the Abrocoma cinerea species complex. Journal of Mammalogy, 105(6), 1446-1457."
Abrocoma_uspallata,Abrocoma_schistacea,lumped into A. schistacea,lump,"González-Pinilla, F. J., Latorre, C., & Palma, R. E. (2024). Molecular systematics of chinchilla rats and taxonomic assessment of the Abrocoma cinerea species complex. Journal of Mammalogy, 105(6), 1446-1457."
Daptomys_mussoi,Daptomys_peruviensis,lumped into D. peruviensis,lump,"Brito, J., Vega-Yánez, M. A., Guaya-Ramos, J. P., Polo, M., Koch, C., Tinoco, N., & Pardiñas, U. F. (2025). Soft anatomy and morphological variation in Daptomys peruviensis (Rodentia, Cricetidae), a rare ichthyomyine from the northwestern Amazonian forests. PeerJ, 13, e18997."
Episoriculus_umbrinus,Episoriculus_caudatus,lumped into E. caudatus,lump,"Liu, Y., Wang, X., Wan, T., Liao, R., Chen, S., Liu, S., & Yue, B. (2025). Integrative phylogenetic analysis of the genus Episoriculus (Mammalia: Eulipotyphla: Soricidae). PloS one, 20(1), e0299624."
Hypsugo_stubbei,Hypsugo_savii,lumped into H. savii,lump,"Gojznikar, J., & Mayer, F. (2024). Mitochondrial DNA reveals the impact of Pleistocene glaciations on a widespread palearctic bat species. Mammalian Biology, 1-12."
Lagostomus_crassus,Lagostomus_maximus,lumped into L. maximus,lump,"Hadler, P., Galliari, C. A., & Pardiñas, U. F. (2024). Chancy History of a Supposedly Vanished South American Rodent, Lagostomus crassus, with Remarks on Recent Extinctions in Caviomorphs. In Plains Vizcachas: Biology and Evolution of a Peculiar Neotropical Caviomorph Rodent (pp. 81-97). Cham: Springer Nature Switzerland."
Lagostomus_crassus,Lagostomus_maximus,dextinction by lumping the extinct form L. crassus into L. maximus,dextinction,"Hadler, P., Galliari, C. A., & Pardiñas, U. F. (2024). Chancy History of a Supposedly Vanished South American Rodent, Lagostomus crassus, with Remarks on Recent Extinctions in Caviomorphs. In Plains Vizcachas: Biology and Evolution of a Peculiar Neotropical Caviomorph Rodent (pp. 81-97). Cham: Springer Nature Switzerland."
Microcebus_marohita,Microcebus_jollyae,lumped into M. jollyae,lump,"Van Elst, T., Sgarlata, G. M., Schüßler, D., Tiley, G. P., Poelstra, J. W., Scheumann, M., ... & Salmona, J. (2024). Integrative taxonomy clarifies the evolution of a cryptic primate clade. Nature Ecology & Evolution, 1-16."
Microcebus_ganzhorni,Microcebus_murinus,lumped into M. murinus,lump,"Van Elst, T., Sgarlata, G. M., Schüßler, D., Tiley, G. P., Poelstra, J. W., Scheumann, M., ... & Salmona, J. (2024). Integrative taxonomy clarifies the evolution of a cryptic primate clade. Nature Ecology & Evolution, 1-16."
Microcebus_manitatra,Microcebus_murinus,lumped into M. murinus,lump,"Van Elst, T., Sgarlata, G. M., Schüßler, D., Tiley, G. P., Poelstra, J. W., Scheumann, M., ... & Salmona, J. (2024). Integrative taxonomy clarifies the evolution of a cryptic primate clade. Nature Ecology & Evolution, 1-16."
Microcebus_bongolavensis,Microcebus_ravelobensis,lumped into M. ravelobensis,lump,"Van Elst, T., Sgarlata, G. M., Schüßler, D., Tiley, G. P., Poelstra, J. W., Scheumann, M., ... & Salmona, J. (2024). Integrative taxonomy clarifies the evolution of a cryptic primate clade. Nature Ecology & Evolution, 1-16."
Microcebus_boraha,Microcebus_simmonsi,lumped into M. simmonsi,lump,"Van Elst, T., Sgarlata, G. M., Schüßler, D., Tiley, G. P., Poelstra, J. W., Scheumann, M., ... & Salmona, J. (2024). Integrative taxonomy clarifies the evolution of a cryptic primate clade. Nature Ecology & Evolution, 1-16."
Mops_shortridgei,Mops_chapini,lumped into Mops chapini tentatively pending further revision,lump,"Monadjem, A., Taylor, P. J., & Schoeman, M. C. (2020). Bats of southern and central Africa: a biogeographic and taxonomic synthesis. Wits University Press."
Petaurista_mishmiensis,Petaurista_nobilis,lumped into P. nobilis (suggested to be a subspecies),lump,"Quan, L. I., Xueyou, L. I., Xiangle, Z. E. N. G., Haotian, B. A. I., Jackson, S., Zhechang, H. U., ... & Xuelong, J. I. A. N. G. (2024). Petaurista nobilis and Priapomys leonardi found in Xizang Autonomous Region of China. ACTA THERIOLOGICA SINICA, 44(5), 574."
Sorex_fontinalis,Sorex_cinereus,lumped into S. cinereus,lump,"Diersing, V. E. (2024). The Tuckahoe Masked Shrew, Sorex cinereus nigriculus Green, 1932, Warrants Recognition as a Distinct Subspecies. Northeastern Naturalist, 31(3), 339-354."
Murina_fanjingshanensis,NA,removed for now because the name is unavailable,removed,"He, F., Xiao, N. and Zhou, J. 2015. A new species of _Murina_ from China (Chiroptera: Vespertilionidae). Cave Research 2(2):1-7."
Chinchilla_lanigera,Chinchilla_laniger,specific epithet spelling changed to match original description,spelling change,"Molina, G.I. 1782. Saggio sulla storia naturale del Chili. S. Tommaso d'Aquino, Bologna, 367 pp. URL: https://bibdigital.rjb.csic.es/idurl/1/9635"
Hypsugo_alaschanicus,Hypsugo_alashanicus,specific epithet spelling changed to match original description,spelling change,"Bobrinski, N.A. 1926. Пледварительное сообщение о летучих мышах (Chiroptepa) из Центральной Азии. Доклады Академии наук СССР (A)1926:95-98."
Lophiomys_imhausi,Lophiomys_imhausii,specific epithet spelling changed to match original description,spelling change,"Milne-Edwards, A. 1867-02-06. La note suivante sur un nouveau Rongeur, le _Lophiomys Imhausii_, a été communiquée par M. Alph. Milne-Edwards. L'Institut 35(1727):46-47."
Parascaptor_leucurus,Parascaptor_leucura,specific epithet spelling changed to match original description,spelling change,"Blyth, E. 1850. Description of a new species of mole (_Talpa leucura_, Blyth). Journal of the Asiatic Society of Bengal 19:215-217. URL: https://www.biodiversitylibrary.org/page/40128924"
Saguinus_weddelli,Saguinus_weddellii,specific epithet spelling changed to match original description,spelling change,"Deville, É. 1849. Description de quelques Mammifères et Oiseaux nouveaux de l'Amérique méridionale. Revue et Magasin de Zoologie pure et appliquée (2)1:55-58."
Urva_brachyura,Urva_brachyurus,specific epithet spelling changed to match original description,spelling change,"Gray, J.E. 1837. A series of Mammalia selected from the collection of the Society was exhibited. Proceedings of the Zoological Society of London 1836(46):87-88. URL: https://www.biodiversitylibrary.org/page/30570814"
Abrothrix_andina,Abrothrix_gossei,split from A. andina,split,"Tammone, M. N., Cuellar Soto, E., Voglino, D., & Pardiñas, U. F. (2025). New genetic data unveil taxonomic complexity in the high-Andean sigmodontine Abrothrix andina (Rodentia, Cricetidae). Mammal Research, 70(1), 159-165."
Callosciurus_caniceps,Callosciurus_concolor,split from C. caniceps,split,"Hinckley, A., Maldonado, J.E., Tamura, N., Leonard, J.A. and Hawkins, M.T.R. 2024. Lost in synonymy: Integrative species delimitation reveals two unrecognized species of Southern Asian tree squirrels (Rodentia: Sciuridae: Callosciurinae). Vertebrate Zoology 74:683-707. doi:10.3897/vz.74.e133467"
Capromys_pilorides,Capromys_geayi,split from C. pilorides,split,"Henriksen, R.A., Woods, R., Barnes, I., Kennerley, R.J., Borroto-Páez, R., Brace, S. and Turvey, S.T. 2024. Genomics of historical museum collections clarifies species diversity in Cuban hutias (_Capromys_). Journal of Mammalogy (in press). doi:10.1093/jmammal/gyae090"
Coendou_quichua,Coendou_rothschildi,split from C. quichua,split,"Ramírez-Chaves, H. E., Mazepa, G. O., Morales-Martínez, D. M., Suárez-Castro, A. F., Colmenares-Pinzón, J. E., Pulido-Santacruz, P., & Noguera-Urbano, E. A. (2025). A review of the Quichua Porcupine Coendou quichua complex (Rodentia: Erethizontidae) with the description of a new species from Colombia. Journal of Mammalogy, gyae140."
Crocidura_gueldenstaedtii,Crocidura_cypria,split from C. gueldenstaedtii,split,"Gritsyshin, V.A., Lisenkova, A.A., Speranskaya, A.S., Artyushin, I.V., Sheftel, B.I., Лебедев, В.С. and Bannikova, A.A. 2023. Multilocus analysis of phylogenetic relationships in the _Crocidura suaveolens_ sensu lato species complex: A comparison with mitochondrial data. Doklady Biological Sciences 509(1):128-134. doi:10.1134/S0012496623700308"
Crocidura_gueldenstaedtii,Crocidura_fimbriata,"split from C. gueldenstaedtii; split under the name mimula, but fimbriata (Wagler, 1832) has nomenclatural priority",split,"Turni, H., Hutterer, R. and Asher, R.J. 2007. Type specimens of ""insectivoran"" mammals at the Museum für Naturkunde, Berlin. Zootaxa 1470(1):1-33.|Gritsyshin, V.A., Lisenkova, A.A., Speranskaya, A.S., Artyushin, I.V., Sheftel, B.I., Лебедев, В.С. and Bannikova, A.A. 2023. Multilocus analysis of phylogenetic relationships in the _Crocidura suaveolens_ sensu lato species complex: A comparison with mitochondrial data. Doklady Biological Sciences 509(1):128-134. doi:10.1134/S0012496623700308"
Crocidura_gueldenstaedtii,Crocidura_iculisma,split from C. gueldenstaedtii,split,"Gritsyshin, V.A., Lisenkova, A.A., Speranskaya, A.S., Artyushin, I.V., Sheftel, B.I., Лебедев, В.С. and Bannikova, A.A. 2023. Multilocus analysis of phylogenetic relationships in the _Crocidura suaveolens_ sensu lato species complex: A comparison with mitochondrial data. Doklady Biological Sciences 509(1):128-134. doi:10.1134/S0012496623700308"
Crocidura_leucodon,Crocidura_persica,split from Crocidura leucodon,split,"Mahmoudi, A., Shad, H. H., & Kryštufek, B. (2025). White-toothed shrew (genus Crocidura) diversity in Iran: Molecular evidence and taxonomic implications. Zoologischer Anzeiger, 314, 149-158."
Dendromus_insignis,Dendromus_abyssinicus,split from D. insignis,split,"Mulualem, G., Lavrenchenko, L.A., Kerbis Peterhans, J.C., Mikula, O., Bryjová, A., Meheretu, Y. and Bryja, J. 2024. Taxonomic revision and evolutionary history of the climbing mice in eastern Africa (_Dendromus_ _mystacalis_ clade): the role of elevation and geographical barriers in the speciation process. Organisms Diversity & Evolution (in press). doi:10.1007/s13127-024-00659-6"
Eozapus_setchuanus,Eozapus_vicinus,split from E. setchuanus,split,"Yang, S., Xie, F., Zhou, C., Zhang, Z., Wang, X., Liu, S., & Chen, S. (2025). Molecular phylogeny and taxonomy of the genus Eozapus (Mammalia, Rodentia, Zapodidae) with the description of a new species. Zoosystematics and Evolution, 101(2), 597-608."
Geomys_pinetis,Geomys_mobilensis,split from G. pinetis,split,"Duncan, S. I., McCleery, R. A., Carneiro, C. M., Pynne, J. T., Parsons, E. I., Conner, L. M., ... & Austin, J. D. (2024). Genetic support for discrete conservation units of the fossorial rodent Geomys pinetis. Conservation Genetics, 25(5), 1087-1101.|Álvarez-Castañeda, S. T., & Segura-Trujillo, C. A. (2025). Genus-level review of pocket gophers in the family Geomyidae. Therya, 16(1), 41-75."
Hipposideros_galeritus,Hipposideros_brachyotus,split from H. galeritus,split,"Srinivasulu, B., Kusuminda, T., Srinivasulu, A., Ukuwela, K.D.B., Amarasinghe, C.J., Siriwardana, S., Kaur, H., Mannakkara, A., Soisook, P., Kamalakannan, M., Yapa, W.B. and Srinivasulu, C. 2025-02-25. Taxonomic revision of the South Asian allies of _Hipposideros galeritus_ Cantor, 1846. Zootaxa 5590(4):507-530."
Lagidium_viscacia,Lagidium_moreni,split from L. viscacia,split,"Teta, P., & Lucero, S. O. (2017). Notes on the taxonomy of mountain viscachas of the genus Lagidium Meyen 1833 (Rodentia: Chinchillidae). Therya, 8(1), 27-33."
Lagidium_viscacia,Lagidium_peruanum,split from L. viscacia,split,"Teta, P., & Lucero, S. O. (2017). Notes on the taxonomy of mountain viscachas of the genus Lagidium Meyen 1833 (Rodentia: Chinchillidae). Therya, 8(1), 27-33."
Lyroderma_lyra,Lyroderma_sinense,split from L. lyra,split,"Feng, L., Győrössy, D., Portela Miguez, R., Kokkini, P., Görföl, T., Khan, S.A., Saikia, U., Talmale, S.S., Yu, W.-h., Liu, S.-y., Jiang, T.-l. and Csorba, G. 2024. A reassessment of the taxonomic status and distribution of the subspecies of _Lyroderma lyra_ (Chiroptera: Megadermatidae). Contributions to Zoology (in press). doi:10.1163/18759866-bja10073"
Manis_pentadactyla,Manis_aurita,"split from M. pentadactyla; recently described under the new name indoburmica, but the older name aurita Hodgson, 1836 has nomenclatural priority over indoburmica and is used here",split,"Wangmo, L. K., Ghosh, A., Dolker, S., Joshi, B. D., Sharma, L. K., & Thakur, M. (2025). Indo-Burmese pangolin (Manis indoburmanica): a novel phylogenetic species of pangolin evolved in Asia. Mammalian Biology, 1-8."
Thomomys_bottae,Megascapheus_baileyi,split from Thomomys (now Megascapheus) bottae,split,"Bradley, R. D., Pham, A. T., Rich, K. A., Roberts, E. K., Soniat, T. J., Poehlein, C. M., Mills, M. N., Ballard, M., Pitts, R. M., Lindsey, L. L., Halsey, M. K., Ray, D. A., Stevens, R. D., Schmidly, D. J., & Wright, E. A. (2023). Genetic identification of pocket gophers (genera Cratogeomys, Geomys, and Thomomys) in Texas and surrounding areas. Museum of Texas Tech University, Special Publications, 78, 1-120.|Álvarez-Castañeda, S. T., & Segura-Trujillo, C. A. (2025). Genus-level review of pocket gophers in the family Geomyidae. Therya, 16(1), 41-75."
Thomomys_bottae,Megascapheus_connectens,split from Thomomys (now Megascapheus) bottae,split,"Bradley, R. D., Pham, A. T., Rich, K. A., Roberts, E. K., Soniat, T. J., Poehlein, C. M., Mills, M. N., Ballard, M., Pitts, R. M., Lindsey, L. L., Halsey, M. K., Ray, D. A., Stevens, R. D., Schmidly, D. J., & Wright, E. A. (2023). Genetic identification of pocket gophers (genera Cratogeomys, Geomys, and Thomomys) in Texas and surrounding areas. Museum of Texas Tech University, Special Publications, 78, 1-120.|Álvarez-Castañeda, S. T., & Segura-Trujillo, C. A. (2025). Genus-level review of pocket gophers in the family Geomyidae. Therya, 16(1), 41-75."
Thomomys_bottae,Megascapheus_fulvus,split from Thomomys (now Megascapheus) bottae,split,"Bradley, R. D., Pham, A. T., Rich, K. A., Roberts, E. K., Soniat, T. J., Poehlein, C. M., Mills, M. N., Ballard, M., Pitts, R. M., Lindsey, L. L., Halsey, M. K., Ray, D. A., Stevens, R. D., Schmidly, D. J., & Wright, E. A. (2023). Genetic identification of pocket gophers (genera Cratogeomys, Geomys, and Thomomys) in Texas and surrounding areas. Museum of Texas Tech University, Special Publications, 78, 1-120.|Álvarez-Castañeda, S. T., & Segura-Trujillo, C. A. (2025). Genus-level review of pocket gophers in the family Geomyidae. Therya, 16(1), 41-75."
Thomomys_bottae,Megascapheus_laticeps,split from Thomomys (now Megascapheus) bottae,split,"Álvarez-Castañeda, S. T., & Segura-Trujillo, C. A. (2025). Genus-level review of pocket gophers in the family Geomyidae. Therya, 16(1), 41-75."
Thomomys_bottae,Megascapheus_nigricans,split from Thomomys (now Megascapheus) bottae,split,"Trujano-Alvarez, A. L., & Álvarez-Castañeda, S. T. (2013). Phylogenetic structure among pocket gopher populations, genus Thomomys (Rodentia: Geomyidae), on the Baja California Peninsula. Zoological Journal of the Linnean Society, 168(4), 873-891.|Álvarez-Castañeda, S. T., & Segura-Trujillo, C. A. (2025). Genus-level review of pocket gophers in the family Geomyidae. Therya, 16(1), 41-75."
Thomomys_bottae,Megascapheus_ruidosae,split from Thomomys (now Megascapheus) bottae,split,"Bradley, R. D., Pham, A. T., Rich, K. A., Roberts, E. K., Soniat, T. J., Poehlein, C. M., Mills, M. N., Ballard, M., Pitts, R. M., Lindsey, L. L., Halsey, M. K., Ray, D. A., Stevens, R. D., Schmidly, D. J., & Wright, E. A. (2023). Genetic identification of pocket gophers (genera Cratogeomys, Geomys, and Thomomys) in Texas and surrounding areas. Museum of Texas Tech University, Special Publications, 78, 1-120.|Álvarez-Castañeda, S. T., & Segura-Trujillo, C. A. (2025). Genus-level review of pocket gophers in the family Geomyidae. Therya, 16(1), 41-75."
Meriones_meridianus,Meriones_dahli,split from M. penicilliger,split,"Zemlemerovac, E. D., & Matrosovad, V. A. (2024). Genetic variation and taxonomic status of Dahl’s jird (Meriones dahli, rodentia, muridae). ЗООЛОГИЧЕСКИЙ ЖУРНАЛ, 103(3), 107-115."
Oxymycterus_paramensis,Oxymycterus_akodontius,split from O. paramensis,split,"Jayat, J. P., Torres, R., D’Elía, G., de Oliveira, J. A., Ortiz, P. E., & Teta, P. (2024). An integrative approach to the taxonomy of Oxymycterus paramensis (Rodentia, Cricetidae) and related nominal forms. Journal of Mammalogy, gyae130."
Rhinolophus_landeri,Rhinolophus_axillaris,split from R. landeri,split,"Patterson, B.D., Demos, T.C., Torrent, L., Grunwald, A.L., Montauban, C., Kerbis Peterhans, J.C., McDonough, M.M., Dick, C.W., Bartonjo, M., Schoeman, M.Corrie, Ruedas, L.A. and Juste, J. 2024-09-13. Systematics of the _Rhinolophus landeri_ complex, with evidence for 3 additional Afrotropical bat species. Journal of Mammalogy (in press)."
Rhinolophus_landeri,Rhinolophus_dobsoni,split from R. landeri,split,"Patterson, B.D., Demos, T.C., Torrent, L., Grunwald, A.L., Montauban, C., Kerbis Peterhans, J.C., McDonough, M.M., Dick, C.W., Bartonjo, M., Schoeman, M.Corrie, Ruedas, L.A. and Juste, J. 2024. Systematics of the _Rhinolophus landeri_ complex, with evidence for 3 additional Afrotropical bat species. Journal of Mammalogy (in press). doi:10.1093/jmammal/gyae085"
Scaptonyx_fusicauda,Scaptonyx_affinis,split from S. fusicauda,split,"Song, W.-y., Chen, Z.-z., Li, Q., Hu, W.-h., Zhou, H.-W., Xie, M.-R., Li, X.-y. and Jiang, X.-l. 2025-03-15. Taxonomic revision of the Long-tailed Mole (Talpidae: _Scaptonyx_) with description of a new species from the Gaoligong Mountains. Journal of Mammalogy (in press)."
Sminthopsis_virginiae,Sminthopsis_nitela,split from S. virginiae,split,"Umbrello, L.S., Newton, H., Baker, A.M., Travouillon, K.J. and Westerman, M. 2024. Vicariant speciation resulting from biogeographic barriers in the Australian tropics: The case of the red-cheeked dunnart (_Sminthopsis virginiae_). Ecology and Evolution 14(8):e70215. doi:10.1002/ece3.70215"
Tamiops_mcclellandii,Tamiops_barbei,split from T. mcclellandii,split,"Hinckley, A., Maldonado, J.E., Tamura, N., Leonard, J.A. and Hawkins, M.T.R. 2024. Lost in synonymy: Integrative species delimitation reveals two unrecognized species of Southern Asian tree squirrels (Rodentia: Sciuridae: Callosciurinae). Vertebrate Zoology 74:683-707. doi:10.3897/vz.74.e133467"
Tscherskia_triton,Tscherskia_ningshaanensis,split from T. triton,split,"Jiang, H.-j., Wang, X.-m., Yang, Y., Pan, X., Liu, S.-y. and Lu, J. 2024. _Tscherskia ningshaanensis_: A neglected species based on phylogenetic and taxonomic analysis of _Tscherskia_ and _Cansumys_ (Cricetidae, Rodentia). Zoosystematics and Evolution 100(4):1231-1241. doi:10.3897/zse.100.128567"
Urocitellus_mollis,Urocitellus_idahoensis,split from U. mollis,split,"McLean, B. S., Rickart, E. A., Cook, J. A., Guralnick, R. P., Burgin, C. J., & Lohr, K. (2024). Integrative species delimitation reveals an Idaho-endemic ground squirrel, Urocitellus idahoensis (Merriam 1913). Journal of Mammalogy, gyae135."
NA,Micromyini,Micromys moved from Rattini to Micromyini,tribe change,"Liu, S., Zhao, S., Wang, J., Fu, C., Wang, X., Liu, S., & Chen, S. (2025). New insights into the mitogenomic phylogeny and evolutionary history of Murinae (Rodentia, Muridae) with the description of a new tribe. ZooKeys, 1233, 55."
NA,Vernayini,recently described tribe to include Vernaya,tribe change,"Liu, S., Zhao, S., Wang, J., Fu, C., Wang, X., Liu, S., & Chen, S. (2025). New insights into the mitogenomic phylogeny and evolutionary history of Murinae (Rodentia, Muridae) with the description of a new tribe. ZooKeys, 1233, 55."