MDDv1.5_Name,MDDv1.6_Name,Comment
Nycteris_madagascariensis,Nycteris_macrotis,madagascariensis is now a synonym of Nycteris macrotis
NA,Dendrohyrax_interfluvialis,recently described
Dryomys_yarkandensis,NA,"removed for the time being as the description of the species is unavailable, having been described in a preprint"
Pseudomys_fieldi,Pseudomys_gouldii,"fieldi is now a synonym of Pseudomys gouldii, which is now considered and extant species"
Arctophoca_australis,Arctocephalus_australis,moved from Arctophoca back to Arctocephalus
Arctophoca_forsteri,Arctocephalus_forsteri,moved from Arctophoca back to Arctocephalus
Arctophoca_galapagoensis,Arctocephalus_galapagoensis,moved from Arctophoca back to Arctocephalus
Arctophoca_gazella,Arctocephalus_gazella,moved from Arctophoca back to Arctocephalus
Arctophoca_philippii,Arctocephalus_philippii,moved from Arctophoca back to Arctocephalus
Arctophoca_townsendi,Arctocephalus_townsendi,moved from Arctophoca back to Arctocephalus
Arctophoca_tropicalis,Arctocephalus_tropicalis,moved from Arctophoca back to Arctocephalus
Rhinolophus_luctus,Rhinolophus_foetidus,split from Rhinolophus luctus
NA,Rhinolophus_yonghoiseni,recently described
NA,Chingawaemys_rarus,recently described
Praomys_lukolelae,Congomys_lukolelae,moved from Praomys to Congomys
Praomys_verschureni,Congomys_verschureni,moved from Praomys to Congomys
Praomys_delectorum,Montemys_delectorum,moved from Praomys to Montemys
Myomyscus_angolensis,Mastomys_angolensis,moved from Myomyscus to Mastomys
Myomyscus_brockmani,Ochromyscus_brockmani,moved from Myomyscus to Ochromyscus
Myomyscus_yemeni,Ochromyscus_yemeni,moved from Myomyscus to Ochromyscus
Mastomys_pernanus,Serengetimys_pernanus,moved from Mastomys to Serengetimys
Dendromus_nikolausi,Megadendromus_nikolausi,moved back to Megadendromus from Dendromus
Dendromus_messorius,Dendromus_kumasi,split from Dendromus messorius
Dendromus_nyikae,Poemys_nyikae,moved from Dendromus to Poemys
Dendromus_melanotis,Poemys_pecilei,split from Dendromus melanotis and moved from Dendromus to Poemys
Lepilemur_mittermeieri,Lepilemur_dorsalis,mittermeieri is now a synonym of Lepilemur dorsalis
Cercopithecus_dryas,Chlorocebus_dryas,moved from Cercopithecus to Chlorocebus
Sylvilagus_floridanus,Sylvilagus_holzneri,split from Sylvilagus floridanus
Sylvilagus_robustus,Sylvilagus_holzneri,robustus was lumped into Sylvilagus holzneri
Sylvilagus_cognatus,Sylvilagus_holzneri,cognatus was lumped into Sylvilagus holzneri
NA,Eptesicus_lanigeri,recently described
NA,Mico_schneideri,recently described