MDDv2.1_Name,MDDv2.2_Name,Comment,Category,Reference
NA,Apomys_crinitus,recently described,de novo,"Heaney, L. R., Balete, D. S., Duya, M. R. M., Duya, M. V., Kyriazis, C. C., Rickart, E. A., Steppan, S. J., & Rowsey, D. M. (2025). Three new species of Philippine forest mice (Apomys, Muridae, Mammalia), members of a clade endemic to Mindoro Island. Zootaxa, 5647(1), 1-26."
NA,Apomys_minor,recently described,de novo,"Heaney, L. R., Balete, D. S., Duya, M. R. M., Duya, M. V., Kyriazis, C. C., Rickart, E. A., Steppan, S. J., & Rowsey, D. M. (2025). Three new species of Philippine forest mice (Apomys, Muridae, Mammalia), members of a clade endemic to Mindoro Island. Zootaxa, 5647(1), 1-26."
NA,Apomys_veluzi,recently described,de novo,"Heaney, L. R., Balete, D. S., Duya, M. R. M., Duya, M. V., Kyriazis, C. C., Rickart, E. A., Steppan, S. J., & Rowsey, D. M. (2025). Three new species of Philippine forest mice (Apomys, Muridae, Mammalia), members of a clade endemic to Mindoro Island. Zootaxa, 5647(1), 1-26."
NA,Cryptotis_albujai,recently described,de novo,"Cárdenas, P. M., Pacheco, V., Ruelas, D., & Ron, S. (2025). A new species of Cryptotis (Eulipotyphla: Soricidae) and introduction to the systematics of the Ecuadorian and Peruvian Cryptotis species. Mammalia, (0), in press."
NA,Murina_beibengensis,recently described,de novo,"Luo, T., Mao, M.-L., Lan, C.-T., Zhao, Z.-F., Wang, Z.-L., Yu, J., Wang, J.-J., Yan, C.-R., Xiao, N., & Zhou, J. (2025). Four new tube-nosed bat species of the genus Murina (Chiroptera, Vespertilionidae) from Xizang Autonomous Region, China, based on morphological and molecular data. Zoosystematics and Evolution, 101(3), 1023-1055."
NA,Murina_chayuensis,recently described,de novo,"Luo, P., Mao, M., Yan, C., He, Q., Yang, Q., Deng, H., ... & Zhou, J. (2025). A new species of the genus Murina (Chiroptera, Vespertilionidae) from the Southeastern Qinghai-Tibetan Plateau, China. Zoosystematics and Evolution, 101(3), 983-997."
NA,Murina_medogensis,recently described,de novo,"Luo, T., Mao, M.-L., Lan, C.-T., Zhao, Z.-F., Wang, Z.-L., Yu, J., Wang, J.-J., Yan, C.-R., Xiao, N., & Zhou, J. (2025). Four new tube-nosed bat species of the genus Murina (Chiroptera, Vespertilionidae) from Xizang Autonomous Region, China, based on morphological and molecular data. Zoosystematics and Evolution, 101(3), 1023-1055."
NA,Murina_milinensis,recently described,de novo,"Luo, T., Mao, M.-L., Lan, C.-T., Zhao, Z.-F., Wang, Z.-L., Yu, J., Wang, J.-J., Yan, C.-R., Xiao, N., & Zhou, J. (2025). Four new tube-nosed bat species of the genus Murina (Chiroptera, Vespertilionidae) from Xizang Autonomous Region, China, based on morphological and molecular data. Zoosystematics and Evolution, 101(3), 1023-1055."
NA,Murina_yadongensis,recently described,de novo,"Luo, T., Mao, M.-L., Lan, C.-T., Zhao, Z.-F., Wang, Z.-L., Yu, J., Wang, J.-J., Yan, C.-R., Xiao, N., & Zhou, J. (2025). Four new tube-nosed bat species of the genus Murina (Chiroptera, Vespertilionidae) from Xizang Autonomous Region, China, based on morphological and molecular data. Zoosystematics and Evolution, 101(3), 1023-1055."
NA,Myotis_himalaicus,recently described,de novo,"Saikia, U., Chakravarty, R., Csorba, G., Laskar, M. A., & Ruedi, M. (2025). Taxonomic reassessment of bats from the Western Himalayas, India and description of a new species of the Myotis frater complex (Mammalia, Chiroptera, Vespertilionidae). Zootaxa, 5644(1), 1-78."
NA,Neodon_konggordous,recently described,de novo,"Wang, X., Pan, X., Liu, Y., Murphy, R. W., Peng, B., Duan, C., ... & Liu, S. (2025). Three new species of Neodon (Rodentia, Cricetidae) from Sichuan and Xizang, China. Zoosystematics and Evolution, 101(3), 999-1012."
NA,Neodon_kulakangria,recently described,de novo,"Wang, X., Pan, X., Liu, Y., Murphy, R. W., Peng, B., Duan, C., ... & Liu, S. (2025). Three new species of Neodon (Rodentia, Cricetidae) from Sichuan and Xizang, China. Zoosystematics and Evolution, 101(3), 999-1012."
NA,Neodon_minor,recently described,de novo,"Wang, X., Pan, X., Liu, Y., Murphy, R. W., Peng, B., Duan, C., ... & Liu, S. (2025). Three new species of Neodon (Rodentia, Cricetidae) from Sichuan and Xizang, China. Zoosystematics and Evolution, 101(3), 999-1012."
Pipistrellus_abramus,Alionoctula_abramus,moved from Pipistrellus to Alionoctula,genus change,"Zhukova, S. S., Yuzefovich, A. P., Lebedev, V. S., & Kruskop, S. V. (2025). Reassessment of the Taxonomic Borders Within Pipistrellus (Chiroptera, Vespertilionidae, Pipistrellini). Diversity, 17(5), 317."
Pipistrellus_adamsi,Alionoctula_adamsi,moved from Pipistrellus to Alionoctula,genus change,"Zhukova, S. S., Yuzefovich, A. P., Lebedev, V. S., & Kruskop, S. V. (2025). Reassessment of the Taxonomic Borders Within Pipistrellus (Chiroptera, Vespertilionidae, Pipistrellini). Diversity, 17(5), 317."
Pipistrellus_angulatus,Alionoctula_angulata,moved from Pipistrellus to Alionoctula,genus change,"Zhukova, S. S., Yuzefovich, A. P., Lebedev, V. S., & Kruskop, S. V. (2025). Reassessment of the Taxonomic Borders Within Pipistrellus (Chiroptera, Vespertilionidae, Pipistrellini). Diversity, 17(5), 317."
Pipistrellus_ceylonicus,Alionoctula_ceylonica,moved from Pipistrellus to Alionoctula,genus change,"Zhukova, S. S., Yuzefovich, A. P., Lebedev, V. S., & Kruskop, S. V. (2025). Reassessment of the Taxonomic Borders Within Pipistrellus (Chiroptera, Vespertilionidae, Pipistrellini). Diversity, 17(5), 317."
Pipistrellus_collinus,Alionoctula_collina,moved from Pipistrellus to Alionoctula,genus change,"Zhukova, S. S., Yuzefovich, A. P., Lebedev, V. S., & Kruskop, S. V. (2025). Reassessment of the Taxonomic Borders Within Pipistrellus (Chiroptera, Vespertilionidae, Pipistrellini). Diversity, 17(5), 317."
Pipistrellus_coromandra,Alionoctula_coromandra,moved from Pipistrellus to Alionoctula,genus change,"Zhukova, S. S., Yuzefovich, A. P., Lebedev, V. S., & Kruskop, S. V. (2025). Reassessment of the Taxonomic Borders Within Pipistrellus (Chiroptera, Vespertilionidae, Pipistrellini). Diversity, 17(5), 317."
Pipistrellus_dhofarensis,Alionoctula_dhofarensis,moved from Pipistrellus to Alionoctula,genus change,"Zhukova, S. S., Yuzefovich, A. P., Lebedev, V. S., & Kruskop, S. V. (2025). Reassessment of the Taxonomic Borders Within Pipistrellus (Chiroptera, Vespertilionidae, Pipistrellini). Diversity, 17(5), 317."
Pipistrellus_endoi,Alionoctula_endoi,moved from Pipistrellus to Alionoctula,genus change,"Zhukova, S. S., Yuzefovich, A. P., Lebedev, V. S., & Kruskop, S. V. (2025). Reassessment of the Taxonomic Borders Within Pipistrellus (Chiroptera, Vespertilionidae, Pipistrellini). Diversity, 17(5), 317."
Pipistrellus_javanicus,Alionoctula_javanica,moved from Pipistrellus to Alionoctula,genus change,"Zhukova, S. S., Yuzefovich, A. P., Lebedev, V. S., & Kruskop, S. V. (2025). Reassessment of the Taxonomic Borders Within Pipistrellus (Chiroptera, Vespertilionidae, Pipistrellini). Diversity, 17(5), 317."
Pipistrellus_minahassae,Alionoctula_minahassae,moved from Pipistrellus to Alionoctula,genus change,"Zhukova, S. S., Yuzefovich, A. P., Lebedev, V. S., & Kruskop, S. V. (2025). Reassessment of the Taxonomic Borders Within Pipistrellus (Chiroptera, Vespertilionidae, Pipistrellini). Diversity, 17(5), 317."
Pipistrellus_murrayi,Alionoctula_murrayi,moved from Pipistrellus to Alionoctula,genus change,"Zhukova, S. S., Yuzefovich, A. P., Lebedev, V. S., & Kruskop, S. V. (2025). Reassessment of the Taxonomic Borders Within Pipistrellus (Chiroptera, Vespertilionidae, Pipistrellini). Diversity, 17(5), 317."
Pipistrellus_papuanus,Alionoctula_papuana,moved from Pipistrellus to Alionoctula,genus change,"Zhukova, S. S., Yuzefovich, A. P., Lebedev, V. S., & Kruskop, S. V. (2025). Reassessment of the Taxonomic Borders Within Pipistrellus (Chiroptera, Vespertilionidae, Pipistrellini). Diversity, 17(5), 317."
Pipistrellus_paterculus,Alionoctula_paterculus,moved from Pipistrellus to Alionoctula,genus change,"Zhukova, S. S., Yuzefovich, A. P., Lebedev, V. S., & Kruskop, S. V. (2025). Reassessment of the Taxonomic Borders Within Pipistrellus (Chiroptera, Vespertilionidae, Pipistrellini). Diversity, 17(5), 317."
Pipistrellus_stenopterus,Alionoctula_stenoptera,moved from Pipistrellus to Alionoctula,genus change,"Zhukova, S. S., Yuzefovich, A. P., Lebedev, V. S., & Kruskop, S. V. (2025). Reassessment of the Taxonomic Borders Within Pipistrellus (Chiroptera, Vespertilionidae, Pipistrellini). Diversity, 17(5), 317."
Pipistrellus_sturdeei,Alionoctula_sturdeei,moved from Pipistrellus to Alionoctula,genus change,"Zhukova, S. S., Yuzefovich, A. P., Lebedev, V. S., & Kruskop, S. V. (2025). Reassessment of the Taxonomic Borders Within Pipistrellus (Chiroptera, Vespertilionidae, Pipistrellini). Diversity, 17(5), 317."
Pipistrellus_tenuis,Alionoctula_tenuis,moved from Pipistrellus to Alionoctula,genus change,"Zhukova, S. S., Yuzefovich, A. P., Lebedev, V. S., & Kruskop, S. V. (2025). Reassessment of the Taxonomic Borders Within Pipistrellus (Chiroptera, Vespertilionidae, Pipistrellini). Diversity, 17(5), 317."
Pipistrellus_wattsi,Alionoctula_wattsi,moved from Pipistrellus to Alionoctula,genus change,"Zhukova, S. S., Yuzefovich, A. P., Lebedev, V. S., & Kruskop, S. V. (2025). Reassessment of the Taxonomic Borders Within Pipistrellus (Chiroptera, Vespertilionidae, Pipistrellini). Diversity, 17(5), 317."
Pipistrellus_westralis,Alionoctula_westralis,moved from Pipistrellus to Alionoctula,genus change,"Zhukova, S. S., Yuzefovich, A. P., Lebedev, V. S., & Kruskop, S. V. (2025). Reassessment of the Taxonomic Borders Within Pipistrellus (Chiroptera, Vespertilionidae, Pipistrellini). Diversity, 17(5), 317."
Phodopus_campbelli,Cricetiscus_campbelli,moved from Phodopus to Cricetiscus,genus change,"Kryštufek, B., & Shenbrot, G. I. (2025). True Hamsters (Cricetinae) of the Palaearctic Region. University of Maribor, University Press, Maribor."
Phodopus_sungorus,Cricetiscus_sungorus,moved from Phodopus to Cricetiscus,genus change,"Kryštufek, B., & Shenbrot, G. I. (2025). True Hamsters (Cricetinae) of the Palaearctic Region. University of Maribor, University Press, Maribor."
Feloidea,Aeluroidea,infraorder added,infraorder change,
Viverroidea,Aeluroidea,infraorder added,infraorder change,
Canoidea,Cynoidea,infraorder renamed,infraorder change,
Cetacea,Mysticeti,reranked from parvorder to infraorder,infraorder change,
Ancodonta,NA,now ranked as a suborder,infraorder change,
Cetacea,Odontoceti,reranked from parvorder to infraorder,infraorder change,
NA,Phascolarctomorphia,infraorder added to accommodate fossil taxa,infraorder change,"Beck, R.M.D., Voss, R.S. and Jansa, S.A. 2022. Craniodental morphology and phylogeny of marsupials. Bulletin of the American Museum of Natural History 457:1-352. URL: https://www.biodiversitylibrary.org/page/61777114 doi:10.1206/0003-0090.457.1.1"
NA,Vombatomorphia,infraorder added to accommodate fossil taxa,infraorder change,"Beck, R.M.D., Voss, R.S. and Jansa, S.A. 2022. Craniodental morphology and phylogeny of marsupials. Bulletin of the American Museum of Natural History 457:1-352. URL: https://www.biodiversitylibrary.org/page/61777114 doi:10.1206/0003-0090.457.1.1"
Cryptotis_evaristoi,Cryptotis_peruviensis,lumped into C. peruviensis,lump,"Cárdenas, P. M., Pacheco, V., Ruelas, D., & Ron, S. (2025). A new species of Cryptotis (Eulipotyphla: Soricidae) and introduction to the systematics of the Ecuadorian and Peruvian Cryptotis species. Mammalia, (0), in press."
Myotis_dinellii,Myotis_levis,lumped into M. levis,lump,"Argoitia, M. A., Cassini, G. H., Mapelli, F., & Teta, P. (2025). Integrative taxonomy and geographic variation of Myotis dinellii and M. levis (Chiroptera, Vespertilionidae) Argentinean populations. Zoologischer Anzeiger, 316, 158-169."
Pithecia_inusta,Pithecia_hirsuta,"lumped into P. hirsuta (based on type locality of inusta, the populations previously included in inusta now represent an undescribed species or are included under P. monachus)",lump,"Serrano-Villavicencio, J. E., Hurtado, C. M., Vendramel, R. L., & Nascimento, F. O. D. (2019). Reconsidering the taxonomy of the Pithecia irrorata species group (Primates: Pitheciidae). Journal of Mammalogy, 100(1), 130-141."
Tscherskia_ningshaanensis,Tscherskia_collina,name changed from ningshaanensis to collina as collina is currently the oldest available name for the species,name change,"Kryštufek, B., & Shenbrot, G. I. (2025). True Hamsters (Cricetinae) of the Palaearctic Region. University of Maribor, University Press, Maribor."
Urocricetus_alticola,Urocricetus_lama,name changed from alticola to lama as lama is currently the oldest available name for the species,name change,"Kryštufek, B., & Shenbrot, G. I. (2025). True Hamsters (Cricetinae) of the Palaearctic Region. University of Maribor, University Press, Maribor."
NA,Caviomorpha,parvorder added,parvorder change,
NA,Elephantida,parvorder added to accommodate fossil taxa,parvorder change,"Gheerbrant, E. and Tassy, P. 2009. L'origine et l'évolution des éléphants. Comptes Rendus Palevol 8(2-3):281-294. doi:10.1016/j.crpv.2008.08.003"
NA,incertae sedis,Hystricidae left incertae sedis following addition of Phiomorpha and Caviomorpha,parvorder change,
NA,Mustelida,superfamily Musteloidea reranked as parvorder Mustelida,parvorder change,
Mysticeti,NA,reranked from parvorder to infraorder,parvorder change,
Odontoceti,NA,reranked from parvorder to infraorder,parvorder change,
NA,Phiomorpha,parvorder added,parvorder change,
NA,Pinnipedia,superfamily Phocoidea reranked as parvorder Pinnipedia,parvorder change,
NA,Ursida,superfamily Ursoidea reranked as parvorder Ursida,parvorder change,
Pipistrellus_javanicus,Alionoctula_babu,split from Pipistrellus javanicus (now Alionoctula javanica) and moved from Pipistrellus to Alionoctula,split,"Saikia, U., Chakravarty, R., Csorba, G., Laskar, M. A., & Ruedi, M. (2025). Taxonomic reassessment of bats from the Western Himalayas, India and description of a new species of the Myotis frater complex (Mammalia, Chiroptera, Vespertilionidae). Zootaxa, 5644(1), 1-78.|Zhukova, S. S., Yuzefovich, A. P., Lebedev, V. S., & Kruskop, S. V. (2025). Reassessment of the Taxonomic Borders Within Pipistrellus (Chiroptera, Vespertilionidae, Pipistrellini). Diversity, 17(5), 317."
Cryptotis_parvus,Cryptotis_floridanus,split from C. parvus,split,"Galfano, T. M., Herrera, T. M., Bulger, J. B., Stuart, J. N., Frey, J. K., & Hope, A. G. (2025). Phylogenomic Analysis of Wide‐Ranging Least Shrews Refines Conservation Priorities and Supports a Paradigm for Evolution of Biota Spanning Eastern North America and Mesoamerica. Ecology and Evolution, 15(5), e71263."
Meles_leucurus,Meles_amurensis,split from M. leucurus,split,"Puzachenko, A. Y., Yudin, V. G., & Abramov, A. V. (2025). Cranial variation and taxonomic status of Far-Eastern badgers, with remarks on Pleistocene paleogeography of Meles (Carnivora: Mustelidae). Vertebrate Zoology, 75, 147-164."
Murina_huttoni,Murina_rubella,split from M. huttoni,split,"Luo, T., Mao, M.-L., Lan, C.-T., Zhao, Z.-F., Wang, Z.-L., Yu, J., Wang, J.-J., Yan, C.-R., Xiao, N., & Zhou, J. (2025). Four new tube-nosed bat species of the genus Murina (Chiroptera, Vespertilionidae) from Xizang Autonomous Region, China, based on morphological and molecular data. Zoosystematics and Evolution, 101(3), 1023-1055."
Yinotheria,Prototheria,subclass Yinotheria renamed to the more familiar name Prototheria,subclass change,
NA,Ailurinae,subfamily added to accommodate fossil taxa,subfamily change,"Wallace, S.C. and Lyon, L.M. 2022. Systematic revision of the Ailurinae (Mammalia: Carnivora: Ailuridae): with a new species from North America. 31-52 in Glatston, A.R. (eds.). Red Panda. Elsevier. doi:10.1016/B978-0-12-823753-3.00011-9"
NA,Anomalurinae,subfamily added,subfamily change,"Marivaux, L., Adnet, S., Benammi, M., Tabuce, R. and Benammi, M. 2017. Anomaluroid rodents from the earliest Oligocene of Dakhla, Morocco, reveal the long-lived and morphologically conservative pattern of the Anomaluridae and Nonanomaluridae during the Tertiary in Africa. Journal of Systematic Palaeontology 15(7):539-569. doi:10.1080/14772019.2016.1206977"
NA,Antilocaprinae,subfamily added to accommodate fossil taxa,subfamily change,
NA,Aplodontiinae,subfamily added to accommodate fossil taxa,subfamily change,
NA,Babyrousinae,subfamily added,subfamily change,"Gongora, J., Cuddahee, R.E., Nascimento, F.F. do, Palgrave, C.J., Lowden, S., Ho, S.Y.W., Simond, D., Damayanti, C.S., White, D.J., Tay, W.T., Randi, E., Klingel, H., Rodrigues-Zarate, C.J., Allen, K., Moran, C. and Larson, G. 2011. Rethinking the evolution of extant sub-Saharan African suids (Suidae, Artiodactyla). Zoologica Scripta 40(4):327-335. doi:10.1111/j.1463-6409.2011.00480.x"
NA,Berardiinae,subfamily added,subfamily change,
Potoroinae,Bettongiinae,tribe Bettongini raised to subfamily level and spelling corrected,subfamily change,"Westerman, M., Loke, S., Tan, M.H. and Kear, B.P. 2022. Mitogenome of the extinct Desert 'rat-kangaroo' times the adaptation to aridity in macropodoids. Scientific Reports 12(5829):1-10. doi:10.1038/s41598-022-09568-0"
NA,Caninae,subfamily added to accommodate fossil taxa,subfamily change,"Tedford, R.H., Wang, X.-m. and Taylor, B.E. 2009. Phylogenetic systematics of the North American fossil Caninae (Carnivora: Canidae). Bulletin of the American Museum of Natural History 325:1-218. doi:10.1206/574.1 HDL 2246/5999"
NA,Castorinae,subfamily added to accommodate fossil taxa,subfamily change,
NA,Chinchillinae,subfamily added,subfamily change,"Rasia, L.L., Barbeito, C.G. and Acuña, F. 2024. Plains Vizcachas. Springer, Cham, 386 pp. doi:10.1007/978-3-031-49487-1 ISBN 978-3-031-49487-1"
NA,Ctenodactylinae,subfamily added to accommodate fossil taxa,subfamily change,
NA,Dasypodinae,subfamily added to accommodate fossil taxa,subfamily change,"Defler, T. 2019. History of Terrestrial Mammals in South America. Springer, Cham. doi:10.1007/978-3-319-98449-0 ISBN 978-3-319-98448-3"
NA,Dinomyinae,subfamily added to accommodate fossil taxa,subfamily change,
NA,Elephantinae,subfamily added,subfamily change,"Shoshani, J. and Tassy, P. 2005. Advances in proboscidean taxonomy & classification, anatomy & physiology, and ecology & behavior. Quaternary International 126-128:5-20. doi:10.1016/j.quaint.2004.04.011"
Rousettinae,Epomophorinae,"subfamily name changed because Epomophorinae Gray, 1866, has priority over Rousettinae Andersen, 1912",subfamily change,
NA,Equinae,subfamily added to accommodate fossil taxa,subfamily change,
NA,Galaginae,subfamily added to accommodate fossil taxa,subfamily change,"Harrison, T. 2010. Later Tertiary Lorisiformes (Strepsirrhini, Primates). Pp. 333–349 in Werdelin, L. and Sanders, W.J. (eds.). Cenozoic Mammals of Africa. University of California Press, Berkeley, 1008 pp."
NA,Giraffinae,subfamily added,subfamily change,
NA,Hippopotaminae,subfamily added to accommodate fossil taxa,subfamily change,
NA,Hyperoodontinae,subfamily added,subfamily change,
NA,Idiurinae,subfamily added,subfamily change,"Marivaux, L., Adnet, S., Benammi, M., Tabuce, R. and Benammi, M. 2017. Anomaluroid rodents from the earliest Oligocene of Dakhla, Morocco, reveal the long-lived and morphologically conservative pattern of the Anomaluridae and Nonanomaluridae during the Tertiary in Africa. Journal of Systematic Palaeontology 15(7):539-569. doi:10.1080/14772019.2016.1206977"
NA,incertae sedis,Tasmacetus left as incertae sedis within Ziphiidae,subfamily change,
NA,Kogiinae,subfamily added to accommodate fossil taxa,subfamily change,"Muizon, C. de. 1988. Les vertébrés fossiles de la formation Pisco (Pérou). Troisième partie : Les Odontocètes (Cetacea, Mammalia) du Miocène. Institut Français d'Études Andines, Memoire 78:1-244."
NA,Lagostominae,subfamily added,subfamily change,"Rasia, L.L., Barbeito, C.G. and Acuña, F. 2024. Plains Vizcachas. Springer, Cham, 386 pp. doi:10.1007/978-3-031-49487-1 ISBN 978-3-031-49487-1"
NA,Maninae,subfamily added,subfamily change,"Gaudin, T.J., Emry, R.J. and Wible, J.R. 2009. The phylogeny of living and extinct pangolins (Mammalia, Pholidota) and associated taxa: A morphology based analysis. Journal of Mammalian Evolution 16(4):235-305. doi:10.1007/s10914-009-9119-9"
NA,Monachinae,subfamily added,subfamily change,"Fulton, T.L. and Strobeck, C. 2010. Multiple markers and multiple individuals refine true seal phylogeny and bring molecules and morphology back in line. Proceedings of the Royal Society B: Biological Sciences 277(1684):1065-1070. doi:10.1098/rspb.2009.1789"
Mungotinae,Mungosinae,subfamily name changed in accordance with the stem of the generic name,subfamily change,
Myadinae,Mydainae,spelling of subfamily name corrected,subfamily change,
Dactylopsilinae,NA,subfamilies of Petauridae dropped since evidence for reciprocal monophyly is weak,subfamily change,"Wu, T., Chen, Y. and Maharachchikumbura, S.S.N. 2021. The complete mitochondrial genome of _Gymnobelideus leadbeateri_ (Mammalia: Petauridae). Mitochondrial DNA (B)6(2):589-590. doi:10.1080/23802359.2021.1875919"
Petaurinae,NA,subfamilies of Petauridae dropped since evidence for reciprocal monophyly is weak,subfamily change,"Wu, T., Chen, Y. and Maharachchikumbura, S.S.N. 2021. The complete mitochondrial genome of _Gymnobelideus leadbeateri_ (Mammalia: Petauridae). Mitochondrial DNA (B)6(2):589-590. doi:10.1080/23802359.2021.1875919"
Callosciurinae,Nannosciurinae,"subfamily name changed because Nannosciurinae Forsyth Major, 1893, has priority over Callosciurinae Pocock, 1923",subfamily change,"Musser, G.G., Durden, L.A., Holden, M.E. and Light, J.E. 2010. Systematic review of endemic Sulawesi squirrels (Rodentia, Sciuridae), with descriptions of new species of associated sucking lice (Insecta, Anoplura), and phylogenetic and zoogeographic assessments of sciurid lice. Bulletin of the American Museum of Natural History 339:1-260. doi:10.1206/695.1 HDL 2246/6067"
NA,Neobalaeninae,subfamily added to accommodate fossil taxa,subfamily change,"Marx, F.G. and Fordyce, R.E. 2016. A link no longer missing: New evidence for the cetotheriid affinities of Caperea. PLoS ONE 11(10):e0164059. doi:10.1371/journal.pone.0164059"
NA,Ochotoninae,subfamily added to accommodate fossil taxa,subfamily change,
NA,Odobeninae,subfamily added to accommodate fossil taxa,subfamily change,"Magallanes, I., Parham, J.F., Santos, G.-P. and Vélez-Juarbe, J. 2018. A new tuskless walrus from the Miocene of Orange County, California, with comments on the diversity and taxonomy of odobenids. PeerJ 6:e5708. doi:10.7717/peerj.5708"
NA,Okapiinae,subfamily added,subfamily change,
Dendromurinae,Petromyscinae,"Delanymys, Petromyscus, and Mystromys moved into a single subfamily",subfamily change,"Steppan, S.J. and Schenk, J.J. 2017. Muroid rodent phylogenetics: 900-species tree reveals increasing diversification rates. PLoS ONE 12(8):e0183070. doi:10.1371/journal.pone.0183070"
Mystromyinae,Petromyscinae,"Delanymys, Petromyscus, and Mystromys moved into a single subfamily",subfamily change,"Steppan, S.J. and Schenk, J.J. 2017. Muroid rodent phylogenetics: 900-species tree reveals increasing diversification rates. PLoS ONE 12(8):e0183070. doi:10.1371/journal.pone.0183070"
NA,Phocinae,subfamily added,subfamily change,"Fulton, T.L. and Strobeck, C. 2010. Multiple markers and multiple individuals refine true seal phylogeny and bring molecules and morphology back in line. Proceedings of the Royal Society B: Biological Sciences 277(1684):1065-1070. doi:10.1098/rspb.2009.1783"
Pseudochiropsinae,Pseudochiropinae,subfamily name changed in accordance with the stem of the generic name,subfamily change,
NA,Rhinocerotinae,subfamily added to accommodate fossil taxa,subfamily change,
Saimiriinae,Saimirinae,subfamily name changed in accordance with the stem of the generic name,subfamily change,
NA,Smutsiinae,subfamily added,subfamily change,"Gaudin, T.J., Emry, R.J. and Wible, J.R. 2009. The phylogeny of living and extinct pangolins (Mammalia, Pholidota) and associated taxa: A morphology based analysis. Journal of Mammalian Evolution 16(4):235-305. doi:10.1007/s10914-009-9119-9"
NA,Suinae,subfamily added,subfamily change,"Gongora, J., Cuddahee, R.E., Nascimento, F.F. do, Palgrave, C.J., Lowden, S., Ho, S.Y.W., Simond, D., Damayanti, C.S., White, D.J., Tay, W.T., Randi, E., Klingel, H., Rodrigues-Zarate, C.J., Allen, K., Moran, C. and Larson, G. 2011. Rethinking the evolution of extant sub-Saharan African suids (Suidae, Artiodactyla). Zoologica Scripta 40(4):327-335. doi:10.1111/j.1463-6409.2011.00480.x"
Scalopinae,Talpinae,subfamily Scalopinae merged into Talpinae,subfamily change,"Kryštufek, B. and Motokawa, M. 2018. Family Talpidae (moles, desmans, star-nosed moles and shrew moles). Pp. 552–619 in Wilson, D.E. and Mittermeier, R.A. (eds.). Handbook of the Mammals of the World. Volume 8. Insectivores, Sloths and Colugos. Lynx, Barcelona, 709 pp."
NA,Tayassuinae,subfamily added to accommodate fossil taxa,subfamily change,"Parisi Dutra, R., Casali, D. de M., Missagia, R.V., Gasparini, G.M., Perini, F.A. and Cozzuol, M.A. 2017. Phylogenetic systematics of peccaries (Tayassuidae: Artiodactyla) and a classification of South American tayassuids. Journal of Mammalian Evolution 24(3):345-358. doi:10.1007/s10914-016-9347-8"
NA,Trichechinae,subfamily added to accommodate fossil taxa,subfamily change,"Domning, D.P. 2009. Sirenian evolution. Pp. 1016–1019 in Perrin, W.F., Worsig, B. and Thewissen, J.G.M. (eds.). Encyclopedia of Marine Mammals, 2nd ed. Academic Press. doi:10.1016/B978-0-12-373553-9.00236-4"
NA,Ziphiinae,subfamily added,subfamily change,
NA,Amblonyx,subgenus added,subgenus change,
NA,Anoa,subgenus added,subgenus change,
NA,Anoura,subgenus added,subgenus change,"Bagley, J. C., & Muchhala, N. (2022). Genome-wide ultraconserved elements resolve phylogenetic relationships and biogeographic history among Neotropical leaf-nosed bats in the genus Anoura (Phyllostomidae). Molecular Phylogenetics and Evolution, 167, 107356."
NA,Aonyx,subgenus added,subgenus change,
NA,Apodemus,subgenus added,subgenus change,
NA,Asinus,subgenus added,subgenus change,
NA,Axis,subgenus added,subgenus change,
NA,Bdeogale,subgenus added,subgenus change,
NA,Bibos,subgenus added,subgenus change,
NA,Bison,subgenus added,subgenus change,
NA,Bos,subgenus added,subgenus change,
NA,Bradypus,subgenus added,subgenus change,"Miranda, F.R., Garbino, G.S.T., Machado, F.A., Perini, F.A., Santos, F.R. and Casali, D. de M. 2023. Taxonomic revision of maned sloths, subgenus _Bradypus_ (_Scaeopus_), Pilosa, Bradypodidae, with revalidation of _Bradypus crinitus_ Gray, 1850. Journal of Mammalogy 104(1):86-103. doi:10.1093/jmammal/gyac059"
NA,Bubalus,subgenus added,subgenus change,
NA,Cervus,subgenus added,subgenus change,
NA,Charronia,subgenus added,subgenus change,
NA,Chilonycteris,subgenus added,subgenus change,
NA,Colobotis,subgenus added,subgenus change,"Simonov, E., Lopatina, N.V., Titov, S.V., Ivanova, A.D., Brandler, O.V., Surin, V.L., Matrosova, V.A., Dvilis, A.E., Oreshkova, N.V., Kapustina, S.Yu., Голенищев, Ф.Н. and Ermakov, O.A. 2024. Traditional multilocus phylogeny fails to fully resolve Palearctic ground squirrels (_Spermophilus_) relationships but reveals a new species endemic to West Siberia. Molecular Phylogenetics and Evolution 195:108057. doi:10.1016/j.ympev.2024.108057"
NA,Dolichohippus,subgenus added,subgenus change,
NA,Equus,subgenus added,subgenus change,
NA,Euarctos,subgenus added,subgenus change,
NA,Galeriscus,subgenus added,subgenus change,
NA,Geomys,subgenus added to accommodate fossil taxa,subgenus change,
NA,Hemionus,subgenus added,subgenus change,
NA,Heteromys,subgenus added,subgenus change,
NA,Hippotigris,subgenus added,subgenus change,
NA,Hyelaphus,subgenus added,subgenus change,
NA,incertae sedis (within Apodemus),two species left unallocated to subgenus,subgenus change,
Chrysopteron,incertae sedis (within Myotis),_Myotis dieteri_ moved out of the subgenus,subgenus change,"Csorba, G., Chou, C.-H., Ruedi, M., Görföl, T., Motokawa, M., Wiantoro, S., Thong, V.D., Son, N.T., Lin, L.-K. and Furey, N.M. 2014. The reds and the yellows: a review of Asian _Chrysopteron_ Jentink, 1910 (Chiroptera: Vespertilionidae: _Myotis_). Journal of Mammalogy 95(4):663-678. doi:10.1644/13-MAMM-A-200"
Myotis,incertae sedis (within Myotis),_Myotis insularum_ moved out of the subgenus,subgenus change,
NA,incertae sedis (within Pteronotus),two species left unallocated to subgenus,subgenus change,
NA,incertae sedis (within Spermophilus),four species left unallocated to subgenus,subgenus change,"Simonov, E., Lopatina, N.V., Titov, S.V., Ivanova, A.D., Brandler, O.V., Surin, V.L., Matrosova, V.A., Dvilis, A.E., Oreshkova, N.V., Kapustina, S.Yu., Голенищев, Ф.Н. and Ermakov, O.A. 2024. Traditional multilocus phylogeny fails to fully resolve Palearctic ground squirrels (_Spermophilus_) relationships but reveals a new species endemic to West Siberia. Molecular Phylogenetics and Evolution 195:108057. doi:10.1016/j.ympev.2024.108057"
NA,Jaguarius,subgenus added,subgenus change,
NA,Leo,subgenus added,subgenus change,
NA,Leopardus,subgenus added,subgenus change,
Schizonycteris,Leuconycteris,subgeneric allocation of _Micronycteris schmidtorum_ corrected,subgenus change,"Siles, L. and Baker, R.J. 2020. Revision of the pale-bellied _Micronycteris_ Gray, 1866 (Chiroptera, Phyllostomidae) with descriptions of two new species. Journal of Zoological Systematics and Evolutionary Research 58(4):1411-1431. doi:10.1111/jzs.12388"
NA,Liomys,subgenus added,subgenus change,
NA,Lonchoglossa,subgenus added,subgenus change,"Bagley, J. C., & Muchhala, N. (2022). Genome-wide ultraconserved elements resolve phylogenetic relationships and biogeographic history among Neotropical leaf-nosed bats in the genus Anoura (Phyllostomidae). Molecular Phylogenetics and Evolution, 167, 107356."
NA,Lutra,subgenus added,subgenus change,
NA,Lutrogale,subgenus added,subgenus change,
NA,Lynchailurus,subgenus added,subgenus change,
NA,Madoqua,subgenus added,subgenus change,
NA,Margay,subgenus added,subgenus change,
NA,Martes,subgenus added,subgenus change,
NA,Microperoryctes,subgenus added,subgenus change,"Helgen, K. M., & Flannery, T. F. (2004). A new species of bandicoot, Microperoryctes aplini, from western New Guinea. Journal of Zoology, 264(2), 117-124."
NA,Mictomys,subgenus added to accommodate fossil taxa,subgenus change,
NA,Mustela,subgenus added,subgenus change,
Pitymys,Mynomes,subgenus renamed to older name,subgenus change,
Aethoglis,NA,subgenus dropped,subgenus change,
Asioscalops,NA,subgenus dropped,subgenus change,
Claviglis,NA,subgenus dropped,subgenus change,
Depanycteris,NA,subgenus dropped,subgenus change,"Lim, B.K. 2007. Divergence times and origin of neotropical sheath-tailed bats (tribe Diclidurini) in South America. Molecular Phylogenetics and Evolution 45:777-791. doi:10.1016/j.ympev.2007.09.003"
Diclidurus,NA,subgenus dropped,subgenus change,"Lim, B.K. 2007. Divergence times and origin of neotropical sheath-tailed bats (tribe Diclidurini) in South America. Molecular Phylogenetics and Evolution 45:777-791. doi:10.1016/j.ympev.2007.09.003"
Eulagos,NA,subgenus dropped,subgenus change,
Funambulus,NA,subgenus dropped,subgenus change,
Gerbilliscus,NA,subgenus dropped,subgenus change,
Gerbillurus,NA,subgenus dropped,subgenus change,
Graphiurus,NA,subgenus dropped,subgenus change,
Hesperoptenus,NA,subgenus dropped,subgenus change,"Volleth, M., Khan, F.A.A., Sotero-Caio, C.G., Garner, H.J., Baker, R.J., Müller, S. and Heller, K.-G. 2024. Karyotype description of _Hesperoptenus tomesi_ and relationships within the genus _Hesperoptenus_ (Chiroptera: Vespertilionidae) as revealed by cytogenetic and mtDNA data. Acta Chiropterologica 26(1):1-14. doi:10.3161/15081109ACC2024.26.1.001"
incertae sedis (within Lepus),NA,subgenus dropped,subgenus change,
Indolagus,NA,subgenus dropped,subgenus change,
Lepus,NA,subgenus dropped,subgenus change,
Liponycteris,NA,subgenus dropped,subgenus change,"Uvizl, M., Šmíd, J., Aghová, T., Varadínová, Z. K., & Benda, P. (2019). Molecular phylogeny and systematics of the sheath-tailed bats from the Middle East (Emballonuridae: Taphozous and Coleura). Acta Chiropterologica, 21(1), 23-34."
Macrotolagus,NA,subgenus dropped,subgenus change,
Microallactaga,NA,subgenus dropped,subgenus change,
Milithronycteris,NA,subgenus dropped,subgenus change,"Volleth, M., Khan, F.A.A., Sotero-Caio, C.G., Garner, H.J., Baker, R.J., Müller, S. and Heller, K.-G. 2024. Karyotype description of _Hesperoptenus tomesi_ and relationships within the genus _Hesperoptenus_ (Chiroptera: Vespertilionidae) as revealed by cytogenetic and mtDNA data. Acta Chiropterologica 26(1):1-14. doi:10.3161/15081109ACC2024.26.1.001"
Neotoma,NA,subgenus dropped,subgenus change,"Bradley, R.D., Edwards, C.W., Lindsey, L.L., Bateman, J.R., Cajimat, M.N.B., Milazzo, M.L., Fulhorst, C.F., Matocq, M.D. and Mauldin, M.R. 2022. Reevaluation of the phylogenetic relationships among Neotomini rodents (_Hodomys_, _Neotoma_, and _Xenomys_) and comments on the woodrat classification. Journal of Mammalogy 103(5):1221-1236. doi:10.1093/jmammal/gyac031"
Paralactaga,NA,subgenus dropped,subgenus change,
Paratatera,NA,subgenus dropped,subgenus change,
Peronymus,NA,subgenus dropped,subgenus change,"Lim, B.K., Engstrom, M.D., Reid, F.A., Simmons, N.B., Voss, R.S. and Fleck, D.W. 2010. A new species of _Peropteryx_ (Chiroptera, Emballonuridae) from western Amazonia with comments on phylogenetic relationships within the genus. American Museum Novitates 3686:1-20. URL: https://www.biodiversitylibrary.org/item/279931 doi:10.1206/691.1 HDL 2246/6070"
Peropteryx,NA,subgenus dropped,subgenus change,"Lim, B.K., Engstrom, M.D., Reid, F.A., Simmons, N.B., Voss, R.S. and Fleck, D.W. 2010. A new species of _Peropteryx_ (Chiroptera, Emballonuridae) from western Amazonia with comments on phylogenetic relationships within the genus. American Museum Novitates 3686:1-20. URL: https://www.biodiversitylibrary.org/item/279931 doi:10.1206/691.1 HDL 2246/6070"
Poecilolagus,NA,subgenus dropped,subgenus change,
Prasadsciurus,NA,subgenus dropped,subgenus change,
Proeulagus,NA,subgenus dropped,subgenus change,
Progerbillurus,NA,subgenus dropped,subgenus change,
Sabanalagus,NA,subgenus dropped,subgenus change,
Scarturus,NA,subgenus dropped,subgenus change,
Sigmodon,NA,subgenus dropped,subgenus change,"Henson, D.D. and Bradley, R.D. 2009. Molecular systematics of the genus _Sigmodon_: results from mitochondrial and nuclear gene sequences. Canadian Journal of Zoology 87(3):211-220. doi:10.1139/Z09-005"
Sigmomys,NA,subgenus dropped,subgenus change,"Henson, D.D. and Bradley, R.D. 2009. Molecular systematics of the genus _Sigmodon_: results from mitochondrial and nuclear gene sequences. Canadian Journal of Zoology 87(3):211-220. doi:10.1139/Z09-005"
Sinolagus,NA,subgenus dropped,subgenus change,
Talpa,NA,subgenus dropped,subgenus change,
Taphozous,NA,subgenus dropped,subgenus change,"Uvizl, M., Šmíd, J., Aghová, T., Varadínová, Z. K., & Benda, P. (2019). Molecular phylogeny and systematics of the sheath-tailed bats from the Middle East (Emballonuridae: Taphozous and Coleura). Acta Chiropterologica, 21(1), 23-34."
Tarimolagus,NA,subgenus dropped,subgenus change,
Taterona,NA,subgenus dropped,subgenus change,
Teanopus,NA,subgenus dropped,subgenus change,"Bradley, R.D., Edwards, C.W., Lindsey, L.L., Bateman, J.R., Cajimat, M.N.B., Milazzo, M.L., Fulhorst, C.F., Matocq, M.D. and Mauldin, M.R. 2022. Reevaluation of the phylogenetic relationships among Neotomini rodents (_Hodomys_, _Neotoma_, and _Xenomys_) and comments on the woodrat classification. Journal of Mammalogy 103(5):1221-1236. doi:10.1093/jmammal/gyac031"
Teonoma,NA,subgenus dropped,subgenus change,"Bradley, R.D., Edwards, C.W., Lindsey, L.L., Bateman, J.R., Cajimat, M.N.B., Milazzo, M.L., Fulhorst, C.F., Matocq, M.D. and Mauldin, M.R. 2022. Reevaluation of the phylogenetic relationships among Neotomini rodents (_Hodomys_, _Neotoma_, and _Xenomys_) and comments on the woodrat classification. Journal of Mammalogy 103(5):1221-1236. doi:10.1093/jmammal/gyac031"
Muriculus,Nannomys,subgenus lumped,subgenus change,
NA,Nannugo,newly recognized subgenus for Pipistrellus nathusii,subgenus change,"Zhukova, S. S., Yuzefovich, A. P., Lebedev, V. S., & Kruskop, S. V. (2025). Reassessment of the Taxonomic Borders Within Pipistrellus (Chiroptera, Vespertilionidae, Pipistrellini). Diversity, 17(5), 317."
NA,Neodon,subgenus added,subgenus change,"Kryštufek, B. and Shenbrot, G.I. 2022. Voles and Lemmings (Arvicolinae) of the Palaearctic Region. University of Maribor, Maribor. doi:10.18690/um.fnm.2.2022 ISBN 978-961-286-611-2"
NA,Novibos,subgenus added,subgenus change,
NA,Oncifelis,subgenus added,subgenus change,
NA,Oreailurus,subgenus added,subgenus change,
NA,Ornatomops,newly recognized subgenus for Mops tomensis and Mops gallagheri,subgenus change,"Torrent, L., Garin, I., Aihartza, J., Méndez‐Rodríguez, A., Nguema Alene, E. A., & Juste, J. (2025). Genetic and Morphological Evidence From a Group of Rare African Free‐Tailed Bats Reveals a New Subgenus Within Mops. Ecology and Evolution, 15(5), e71288."
NA,Ornoryctes,subgenus added,subgenus change,"Helgen, K. M., & Flannery, T. F. (2004). A new species of bandicoot, Microperoryctes aplini, from western New Guinea. Journal of Zoology, 264(2), 117-124."
Parameriones,Pallasiomys,subgenus lumped,subgenus change,
NA,Panolia,subgenus added,subgenus change,
NA,Panthera,subgenus added,subgenus change,
NA,Phaiomys,subgenus added,subgenus change,"Kryštufek, B. and Shenbrot, G.I. 2022. Voles and Lemmings (Arvicolinae) of the Palaearctic Region. University of Maribor, Maribor. doi:10.18690/um.fnm.2.2022 ISBN 978-961-286-611-2"
NA,Phyllodia,subgenus added,subgenus change,
NA,Pipistrellus,"newly recognized subgenus for all Pipistrellus except P. nathusii (now in Nannugo), P. aero, P. inexspectatus, and P. permixtus (those three treated as incertae sedis)",subgenus change,"Zhukova, S. S., Yuzefovich, A. P., Lebedev, V. S., & Kruskop, S. V. (2025). Reassessment of the Taxonomic Borders Within Pipistrellus (Chiroptera, Vespertilionidae, Pipistrellini). Diversity, 17(5), 317."
NA,Pocockictis,subgenus added,subgenus change,
NA,Poephagus,subgenus added,subgenus change,
NA,Przewalskium,subgenus added,subgenus change,
NA,Pteronotus,subgenus added,subgenus change,
NA,Quagga,subgenus added,subgenus change,
Aporodon,Reithrodontomys,subgeneric allocation of _Reithrodontomys chrysopsis_ corrected,subgenus change,
NA,Rhynchotragus,subgenus added,subgenus change,
NA,Rucervus,subgenus added,subgenus change,
NA,Scaeopus,subgenus added,subgenus change,"Miranda, F.R., Garbino, G.S.T., Machado, F.A., Perini, F.A., Santos, F.R. and Casali, D. de M. 2023. Taxonomic revision of maned sloths, subgenus _Bradypus_ (_Scaeopus_), Pilosa, Bradypodidae, with revalidation of _Bradypus crinitus_ Gray, 1850. Journal of Mammalogy 104(1):86-103. doi:10.1093/jmammal/gyac059"
NA,Schaeferia,subgenus added,subgenus change,
NA,Selenarctos,subgenus added,subgenus change,
NA,Sika,subgenus added,subgenus change,
NA,Spermophilus,subgenus added,subgenus change,"Simonov, E., Lopatina, N.V., Titov, S.V., Ivanova, A.D., Brandler, O.V., Surin, V.L., Matrosova, V.A., Dvilis, A.E., Oreshkova, N.V., Kapustina, S.Yu., Голенищев, Ф.Н. and Ermakov, O.A. 2024. Traditional multilocus phylogeny fails to fully resolve Palearctic ground squirrels (_Spermophilus_) relationships but reveals a new species endemic to West Siberia. Molecular Phylogenetics and Evolution 195:108057. doi:10.1016/j.ympev.2024.108057"
NA,Sylvaemus,subgenus added,subgenus change,
NA,Synaptomys,subgenus added to accommodate fossil taxa,subgenus change,
Sciurus,Tenes,subgenus split,subgenus change,
NA,Theropithecus,subgenus added to accommodate fossil taxa,subgenus change,
NA,Tigris,subgenus added,subgenus change,
NA,Uncia,subgenus added,subgenus change,
incertae sedis,Uromys,Uromys siebersi placed in subgenus Uromys,subgenus change,
NA,Ursus,subgenus added,subgenus change,
NA,Xylomys,subgenus added,subgenus change,
Whippomorpha,Ancodonta,reranked to give more prominence to the clade Cetacea,suborder change,
Whippomorpha,Cetacea,reranked to give more prominence to the clade Cetacea,suborder change,
NA,Elephantiformes,suborder added to accommodate fossil taxa,suborder change,"Gheerbrant, E. and Tassy, P. 2009. L'origine et l'évolution des éléphants. Comptes Rendus Palevol 8(2-3):281-294. doi:10.1016/j.crpv.2008.08.003"
NA,Eupholidota,suborder added to accommodate fossil taxa,suborder change,"Gaudin, T.J., Emry, R.J. and Wible, J.R. 2009. The phylogeny of living and extinct pangolins (Mammalia, Pholidota) and associated taxa: A morphology based analysis. Journal of Mammalian Evolution 16(4):235-305. doi:10.1007/s10914-009-9119-9"
Macropodiformes,Phalangerida,suborders Macropodiformes and Phalangeriformes merged into Phalangerida,suborder change,"Phillips, M.J., Celik, M.A. and Beck, R.M.D. 2023. The evolutionary relationships of Diprotodontia and improving the accuracy of phylogenetic inference from morphological data. Alcheringa: An Australasian Journal of Palaeontology 47(4):686-698. doi:10.1080/03115518.2023.2184492"
Phalangeriformes,Phalangerida,suborders Macropodiformes and Phalangeriformes merged into Phalangerida,suborder change,"Phillips, M.J., Celik, M.A. and Beck, R.M.D. 2023. The evolutionary relationships of Diprotodontia and improving the accuracy of phylogenetic inference from morphological data. Alcheringa: An Australasian Journal of Palaeontology 47(4):686-698. doi:10.1080/03115518.2023.2184492"
Vespertilioniformes,Yangochiroptera,suborder renamed to align with priority and with majority usage in the literature,suborder change,"Springer, M.S., Teeling, E.C., Madsen, O., Stanhope, M.J. and Jong, W.W. de. 2001. Integrated fossil and molecular data reconstruct bat echolocation. Proceedings of the National Academy of Sciences 98(11):6241-6246. doi:10.1073/pnas.111551998"
Pteropodiformes,Yinpterochiroptera,suborder renamed to align with priority and with majority usage in the literature,suborder change,"Springer, M.S., Teeling, E.C., Madsen, O., Stanhope, M.J. and Jong, W.W. de. 2001. Integrated fossil and molecular data reconstruct bat echolocation. Proceedings of the National Academy of Sciences 98(11):6241-6246. doi:10.1073/pnas.111551998"
NA,Abrotrichina,subtribe added,subtribe change,"Teta, P., Cañón, C., Patterson, B.D. and Pardiñas, U.F.J. 2017. Phylogeny of the tribe Abrotrichini (Cricetidae, Sigmodontinae): integrating morphological and molecular evidence into a new classification. Cladistics 33(2):153-182. doi:10.1111/cla.12164"
NA,Ammospermophilina,subtribe added,subtribe change,"Kryštufek, B. and Vohralík, V. 2013. Taxonomic revision of the Palaearctic rodents (Rodentia). Part 2. Sciuridae: _Urocitellus_, _Marmota_ and _Sciurotamias_. Lynx (Praha) 44:27-138."
NA,Anotomyina,subtribe added,subtribe change,"Salazar-Bravo, J., Tinoco, N., Zeballos, H., Brito, J., Arenas-Viveros, D., Marín-C., D., Ramírez-Fernández, J.D., Percequillo, A.R., Lee, T.E., Jr., Solari, S., Colmenares-Pinzon, J., Nivelo, C., Rodríguez-Herrera, B., Merino, W., Medina, C.E., Murillo-García, O. and Pardiñas, U.F.J. 2023. Systematics and diversification of the Ichthyomyini (Cricetidae, Sigmodontinae) revisited: evidence from molecular, morphological, and combined approaches. PeerJ 11:e14319. doi:10.7717/peerj.14319"
NA,Anourina,subtribe added,subtribe change,"Baker, R.J., Solari, S., Cirranello, A.L. and Simmons, N.B. 2016. Higher level classification of phyllostomid bats with a summary of DNA synapomorphies. Acta Chiropterologica 18(1):1-38. doi:10.3161/15081109ACC2016.18.1.003"
NA,Antilopina,subtribe added,subtribe change,"Bärmann, E.V., Rössner, G.E. and Wörheide, G. 2013. A revised phylogeny of Antilopini (Bovidae, Artiodactyla) using combined mitochondrial and nuclear genes. Molecular Phylogenetics and Evolution 67(2):484-493. doi:10.1016/j.ympev.2013.02.015"
NA,Artibeina,subtribe added,subtribe change,"Baker, R.J., Solari, S., Cirranello, A.L. and Simmons, N.B. 2016. Higher level classification of phyllostomid bats with a summary of DNA synapomorphies. Acta Chiropterologica 18(1):1-38. doi:10.3161/15081109ACC2016.18.1.006"
NA,Arvicolina,subtribe added,subtribe change,"Kryštufek, B. and Shenbrot, G.I. 2022. Voles and Lemmings (Arvicolinae) of the Palaearctic Region. University of Maribor, Maribor. doi:10.18690/um.fnm.2.2022 ISBN 978-961-286-611-2"
NA,Bovina,subtribe added,subtribe change,"Hassanin, A. 2014. Systematic and evolution of Bovini. Pp. 7–20 in Melletti, M. and Burton, J. (eds.). 2014. Ecology, Evolution and Behaviour of Wild Cattle. Cambridge University Press. doi:10.1017/CBO9781139568098.003 ISBN 9781139568098"
NA,Brachyphyllina,subtribe added,subtribe change,"Baker, R.J., Solari, S., Cirranello, A.L. and Simmons, N.B. 2016. Higher level classification of phyllostomid bats with a summary of DNA synapomorphies. Acta Chiropterologica 18(1):1-38. doi:10.3161/15081109ACC2016.18.1.001"
NA,Bubalina,subtribe added,subtribe change,"Hassanin, A. 2014. Systematic and evolution of Bovini. Pp. 7–20 in Melletti, M. and Burton, J. (eds.). 2014. Ecology, Evolution and Behaviour of Wild Cattle. Cambridge University Press. doi:10.1017/CBO9781139568098.003 ISBN 9781139568098"
NA,Canina,subtribe added,subtribe change,"Tedford, R.H., Wang, X.-m. and Taylor, B.E. 2009. Phylogenetic systematics of the North American fossil Caninae (Carnivora: Canidae). Bulletin of the American Museum of Natural History 325:1-218. doi:10.1206/574.1 HDL 2246/5999"
NA,Cansumyina,subtribe added,subtribe change,"Kryštufek, B., & Shenbrot, G. I. (2025). True Hamsters (Cricetinae) of the Palaearctic Region. University of Maribor, University Press, Maribor."
NA,Caprina,subtribe added,subtribe change,"Hassanin, A., Ropiquet, A., Couloux, A. and Cruaud, C. 2009. Evolution of the mitochondrial genome in mammals living at high altitude: New insights from a study of the tribe Caprini (Bovidae, Antilopinae). Journal of Molecular Evolution 68(4):293-310. doi:10.1007/s00239-009-9208-7"
NA,Choeronycterina,subtribe added,subtribe change,"Baker, R.J., Solari, S., Cirranello, A.L. and Simmons, N.B. 2016. Higher level classification of phyllostomid bats with a summary of DNA synapomorphies. Acta Chiropterologica 18(1):1-38. doi:10.3161/15081109ACC2016.18.1.004"
NA,Clethrionomyina,subtribe added,subtribe change,"Kryštufek, B. and Shenbrot, G.I. 2022. Voles and Lemmings (Arvicolinae) of the Palaearctic Region. University of Maribor, Maribor. doi:10.18690/um.fnm.2.2022 ISBN 978-961-286-611-3"
NA,Cricetina,subtribe added,subtribe change,"Kryštufek, B., & Shenbrot, G. I. (2025). True Hamsters (Cricetinae) of the Palaearctic Region. University of Maribor, University Press, Maribor."
NA,Ectophyllina,subtribe added,subtribe change,"Baker, R.J., Solari, S., Cirranello, A.L. and Simmons, N.B. 2016. Higher level classification of phyllostomid bats with a summary of DNA synapomorphies. Acta Chiropterologica 18(1):1-38. doi:10.3161/15081109ACC2016.18.1.008"
NA,Enchisthenina,subtribe added,subtribe change,"Baker, R.J., Solari, S., Cirranello, A.L. and Simmons, N.B. 2016. Higher level classification of phyllostomid bats with a summary of DNA synapomorphies. Acta Chiropterologica 18(1):1-38. doi:10.3161/15081109ACC2016.18.1.009"
NA,Eothenomyina,subtribe added,subtribe change,"Kryštufek, B. and Shenbrot, G.I. 2022. Voles and Lemmings (Arvicolinae) of the Palaearctic Region. University of Maribor, Maribor. doi:10.18690/um.fnm.2.2022 ISBN 978-961-286-611-4"
NA,Galushamyina,subtribe added,subtribe change,"Martin, R.A. and Zakrzewski, R.J. 2019. On the ancestry of woodrats. Journal of Mammalogy 100(5):1564-1582. doi:10.1093/jmammal/gyz105"
NA,Glaucomyina,subtribe added,subtribe change,"Thorington, R.W., Jr. and Hoffmann, R.S. 2005. Family Sciuridae. Pp. 754–818 in Wilson, D.E. and Reeder, D.M. (eds.). Mammal Species of the World: A Taxonomic and Geographic Reference. Johns Hopkins University Press, Baltimore, 2142 pp. URL: http://www.bucknell.edu/msw3 ISBN 978-0-8018-8221-0"
NA,Histriophocina,subtribe added,subtribe change,"Fulton, T.L. and Strobeck, C. 2010. Multiple markers and multiple individuals refine true seal phylogeny and bring molecules and morphology back in line. Proceedings of the Royal Society B: Biological Sciences 277(1684):1065-1070. doi:10.1098/rspb.2009.1788"
NA,Hyosciurina,subtribe added,subtribe change,"Musser, G.G., Durden, L.A., Holden, M.E. and Light, J.E. 2010. Systematic review of endemic Sulawesi squirrels (Rodentia, Sciuridae), with descriptions of new species of associated sucking lice (Insecta, Anoplura), and phylogenetic and zoogeographic assessments of sciurid lice. Bulletin of the American Museum of Natural History 339:1-260. doi:10.1206/695.1 HDL 2246/6067"
NA,Hyperacrina,subtribe added,subtribe change,"Kryštufek, B. and Shenbrot, G.I. 2022. Voles and Lemmings (Arvicolinae) of the Palaearctic Region. University of Maribor, Maribor. doi:10.18690/um.fnm.2.2022 ISBN 978-961-286-611-7"
NA,Ichthyomyina,subtribe added,subtribe change,"Salazar-Bravo, J., Tinoco, N., Zeballos, H., Brito, J., Arenas-Viveros, D., Marín-C., D., Ramírez-Fernández, J.D., Percequillo, A.R., Lee, T.E., Jr., Solari, S., Colmenares-Pinzon, J., Nivelo, C., Rodríguez-Herrera, B., Merino, W., Medina, C.E., Murillo-García, O. and Pardiñas, U.F.J. 2023. Systematics and diversification of the Ichthyomyini (Cricetidae, Sigmodontinae) revisited: evidence from molecular, morphological, and combined approaches. PeerJ 11:e14319. doi:10.7717/peerj.14319"
NA,Marmotina,subtribe added; named Arctomyina in the literature but Marmotina has priority,subtribe change,"Kryštufek, B. and Vohralík, V. 2013. Taxonomic revision of the Palaearctic rodents (Rodentia). Part 2. Sciuridae: _Urocitellus_, _Marmota_ and _Sciurotamias_. Lynx (Praha) 44:27-138."
NA,Microtina,subtribe added,subtribe change,"Kryštufek, B. and Shenbrot, G.I. 2022. Voles and Lemmings (Arvicolinae) of the Palaearctic Region. University of Maribor, Maribor. doi:10.18690/um.fnm.2.2022 ISBN 978-961-286-611-6"
NA,Nannosciurina,subtribe added,subtribe change,"Musser, G.G., Durden, L.A., Holden, M.E. and Light, J.E. 2010. Systematic review of endemic Sulawesi squirrels (Rodentia, Sciuridae), with descriptions of new species of associated sucking lice (Insecta, Anoplura), and phylogenetic and zoogeographic assessments of sciurid lice. Bulletin of the American Museum of Natural History 339:1-260. doi:10.1206/695.1 HDL 2246/6067"
NA,Neotomina,subtribe added,subtribe change,"Martin, R.A. and Zakrzewski, R.J. 2019. On the ancestry of woodrats. Journal of Mammalogy 100(5):1564-1582. doi:10.1093/jmammal/gyz105"
NA,Notiomyina,subtribe added,subtribe change,"Teta, P., Cañón, C., Patterson, B.D. and Pardiñas, U.F.J. 2017. Phylogeny of the tribe Abrotrichini (Cricetidae, Sigmodontinae): integrating morphological and molecular evidence into a new classification. Cladistics 33(2):153-182. doi:10.1111/cla.12164"
NA,Otospermophilina,subtribe added,subtribe change,"Kryštufek, B. and Vohralík, V. 2013. Taxonomic revision of the Palaearctic rodents (Rodentia). Part 2. Sciuridae: _Urocitellus_, _Marmota_ and _Sciurotamias_. Lynx (Praha) 44:27-138."
NA,Ourebiina,subtribe added,subtribe change,"Bärmann, E.V., Rössner, G.E. and Wörheide, G. 2013. A revised phylogeny of Antilopini (Bovidae, Artiodactyla) using combined mitochondrial and nuclear genes. Molecular Phylogenetics and Evolution 67(2):484-493. doi:10.1016/j.ympev.2013.02.015"
NA,Ovibovina,subtribe added,subtribe change,"Hassanin, A., Ropiquet, A., Couloux, A. and Cruaud, C. 2009. Evolution of the mitochondrial genome in mammals living at high altitude: New insights from a study of the tribe Caprini (Bovidae, Antilopinae). Journal of Molecular Evolution 68(4):293-310. doi:10.1007/s00239-009-9208-7"
NA,Pantholopina,subtribe added,subtribe change,"Hassanin, A., Ropiquet, A., Couloux, A. and Cruaud, C. 2009. Evolution of the mitochondrial genome in mammals living at high altitude: New insights from a study of the tribe Caprini (Bovidae, Antilopinae). Journal of Molecular Evolution 68(4):293-310. doi:10.1007/s00239-009-9208-7"
NA,Parascalopina,subtribe added,subtribe change,"Schwermann, A.H., He, K., Peters, B.J., Plogschties, T. and Sansalone, G. 2019. Systematics and macroevolution of extant and fossil scalopine moles (Mammalia, Talpidae). Palaeontology 62(4):661-676. doi:10.1111/pala.12422"
NA,Phocina,subtribe added,subtribe change,"Fulton, T.L. and Strobeck, C. 2010. Multiple markers and multiple individuals refine true seal phylogeny and bring molecules and morphology back in line. Proceedings of the Royal Society B: Biological Sciences 277(1684):1065-1070. doi:10.1098/rspb.2009.1787"
NA,Phodopina,subtribe added,subtribe change,"Kryštufek, B., & Shenbrot, G. I. (2025). True Hamsters (Cricetinae) of the Palaearctic Region. University of Maribor, University Press, Maribor."
NA,Phyllonycterina,subtribe added,subtribe change,"Baker, R.J., Solari, S., Cirranello, A.L. and Simmons, N.B. 2016. Higher level classification of phyllostomid bats with a summary of DNA synapomorphies. Acta Chiropterologica 18(1):1-38. doi:10.3161/15081109ACC2016.18.1.002"
NA,Procaprina,subtribe added,subtribe change,"Bärmann, E.V., Rössner, G.E. and Wörheide, G. 2013. A revised phylogeny of Antilopini (Bovidae, Artiodactyla) using combined mitochondrial and nuclear genes. Molecular Phylogenetics and Evolution 67(2):484-493. doi:10.1016/j.ympev.2013.02.015"
NA,Pseudorygina,subtribe added,subtribe change,"Hassanin, A. 2014. Systematic and evolution of Bovini. Pp. 7–20 in Melletti, M. and Burton, J. (eds.). 2014. Ecology, Evolution and Behaviour of Wild Cattle. Cambridge University Press. doi:10.1017/CBO9781139568098.003 ISBN 9781139568098"
NA,Pteromyina,subtribe added,subtribe change,"Thorington, R.W., Jr. and Hoffmann, R.S. 2005. Family Sciuridae. Pp. 754–818 in Wilson, D.E. and Reeder, D.M. (eds.). Mammal Species of the World: A Taxonomic and Geographic Reference. Johns Hopkins University Press, Baltimore, 2142 pp. URL: http://www.bucknell.edu/msw3 ISBN 978-0-8018-8221-0"
NA,Raphicerina,subtribe added,subtribe change,"Bärmann, E.V., Rössner, G.E. and Wörheide, G. 2013. A revised phylogeny of Antilopini (Bovidae, Artiodactyla) using combined mitochondrial and nuclear genes. Molecular Phylogenetics and Evolution 67(2):484-493. doi:10.1016/j.ympev.2013.02.015"
NA,Scalopina,subtribe added,subtribe change,"Schwermann, A.H., He, K., Peters, B.J., Plogschties, T. and Sansalone, G. 2019. Systematics and macroevolution of extant and fossil scalopine moles (Mammalia, Talpidae). Palaeontology 62(4):661-676. doi:10.1111/pala.12422"
NA,Scaptonychina,subtribe added,subtribe change,"Kryštufek, B. and Motokawa, M. 2018. Family Talpidae (moles, desmans, star-nosed moles and shrew moles). Pp. 552–619 in Wilson, D.E. and Mittermeier, R.A. (eds.). Handbook of the Mammals of the World. Volume 8. Insectivores, Sloths and Colugos. Lynx, Barcelona, 709 pp."
NA,Speothoina,subtribe added; called Cerdocyonina in the literature but Speothoina has priority,subtribe change,"Tedford, R.H., Wang, X.-m. and Taylor, B.E. 2009. Phylogenetic systematics of the North American fossil Caninae (Carnivora: Canidae). Bulletin of the American Museum of Natural History 325:1-218. doi:10.1206/574.1 HDL 2246/5999"
NA,Spermophilina,subtribe added,subtribe change,"Kryštufek, B. and Vohralík, V. 2013. Taxonomic revision of the Palaearctic rodents (Rodentia). Part 2. Sciuridae: _Urocitellus_, _Marmota_ and _Sciurotamias_. Lynx (Praha) 44:27-138."
NA,Spermophilopsina,subtribe added,subtribe change,"Kryštufek, B., Mahmoudi, A., Тесаков, А.С., Matějů, J. and Hutterer, R. 2016. A review of bristly ground squirrels Xerini and a generic revision in the African genus _Xerus_. Mammalia 80(5):521-540. doi:10.1515/mammalia-2015-0073"
NA,Stenodermatina,subtribe added,subtribe change,"Baker, R.J., Solari, S., Cirranello, A.L. and Simmons, N.B. 2016. Higher level classification of phyllostomid bats with a summary of DNA synapomorphies. Acta Chiropterologica 18(1):1-38. doi:10.3161/15081109ACC2016.18.1.005"
NA,Urocricetina,subtribe added,subtribe change,"Kryštufek, B., & Shenbrot, G. I. (2025). True Hamsters (Cricetinae) of the Palaearctic Region. University of Maribor, University Press, Maribor."
NA,Urotrichina,subtribe added,subtribe change,"Kryštufek, B. and Motokawa, M. 2018. Family Talpidae (moles, desmans, star-nosed moles and shrew moles). Pp. 552–619 in Wilson, D.E. and Mittermeier, R.A. (eds.). Handbook of the Mammals of the World. Volume 8. Insectivores, Sloths and Colugos. Lynx, Barcelona, 709 pp."
NA,Vampyressina,subtribe added,subtribe change,"Baker, R.J., Solari, S., Cirranello, A.L. and Simmons, N.B. 2016. Higher level classification of phyllostomid bats with a summary of DNA synapomorphies. Acta Chiropterologica 18(1):1-38. doi:10.3161/15081109ACC2016.18.1.007"
NA,Xerina,subtribe added,subtribe change,"Kryštufek, B., Mahmoudi, A., Тесаков, А.С., Matějů, J. and Hutterer, R. 2016. A review of bristly ground squirrels Xerini and a generic revision in the African genus _Xerus_. Mammalia 80(5):521-540. doi:10.1515/mammalia-2015-0073"
NA,Anomaluroidea,superfamily added,superfamily change,"Winkler, A.J., Denys, C. and Avery, D.M. 2010. Fossil rodents of Africa. Pp. 263–304 in Werdelin, L. and Sanders, W.J. (eds.). Cenozoic Mammals of Africa. University of California Press, Berkeley, 1008 pp."
NA,Balaenoidea,superfamily added to accommodate fossil taxa,superfamily change,
NA,Balaenopteroidea,superfamily added to accommodate fossil taxa,superfamily change,
NA,Bovoidea,superfamily added,superfamily change,"Sánchez, I.M., Cantalapiedra, J.L., DeMiguel, D., Azanza, B., Strani, F. and Morales, J. 2024. The postcranial skeleton of _Amphimoschus_ Bourgeois, 1873 (Cetartiodactyla, Ruminantia, Pecora) sheds light on its phylogeny and the evolution of the clade Cervoidea. Journal of Systematic Palaeontology 22(1):2386020. doi:10.1080/14772019.2024.2386020"
NA,Burramyoidea,superfamily added,superfamily change,"Jackson, S. and Groves, C.P. 2015. Taxonomy of Australian Mammals. CSIRO Publishing, Clayton South, 529 pp. ISBN 9781486300129"
NA,Caenolestoidea,superfamily added to accommodate fossil taxa,superfamily change,"Beck, R.M.D., Voss, R.S. and Jansa, S.A. 2022. Craniodental morphology and phylogeny of marsupials. Bulletin of the American Museum of Natural History 457:1-352. URL: https://www.biodiversitylibrary.org/page/61777114 doi:10.1206/0003-0090.457.1.1"
NA,Castoroidea,superfamily added,superfamily change,
NA,Cervoidea,superfamily added,superfamily change,"Sánchez, I.M., Cantalapiedra, J.L., DeMiguel, D., Azanza, B., Strani, F. and Morales, J. 2024. The postcranial skeleton of _Amphimoschus_ Bourgeois, 1873 (Cetartiodactyla, Ruminantia, Pecora) sheds light on its phylogeny and the evolution of the clade Cervoidea. Journal of Systematic Palaeontology 22(1):2386020. doi:10.1080/14772019.2024.2386020"
NA,Cetotherioidea,superfamily added to accommodate fossil taxa,superfamily change,
NA,Dasypodoidea,superfamily added to accommodate fossil taxa,superfamily change,"Shockey, B.J. 2017. New early diverging cingulate (Xenarthra: Peltephilidae) from the Late Oligocene of Bolivia and considerations regarding the origin of crown Xenarthra. Bulletin of the Peabody Museum of Natural History 58(2):371-396."
NA,Erinaceoidea,superfamily added to accommodate fossil taxa,superfamily change,
NA,Feloidea,infraorder Feloidea reranked as superfamily,superfamily change,
NA,Geomyoidea,superfamily added,superfamily change,
NA,Giraffoidea,superfamily added,superfamily change,"Sánchez, I.M., Cantalapiedra, J.L., DeMiguel, D., Azanza, B., Strani, F. and Morales, J. 2024. The postcranial skeleton of _Amphimoschus_ Bourgeois, 1873 (Cetartiodactyla, Ruminantia, Pecora) sheds light on its phylogeny and the evolution of the clade Cervoidea. Journal of Systematic Palaeontology 22(1):2386020. doi:10.1080/14772019.2024.2386020"
NA,incertae sedis,Antilocapridae left as incertae sedis within Pecora because of conflicting placements in different phylogenies,superfamily change,
NA,Manoidea,superfamily added to accommodate fossil taxa,superfamily change,"Gaudin, T.J., Emry, R.J. and Wible, J.R. 2009. The phylogeny of living and extinct pangolins (Mammalia, Pholidota) and associated taxa: A morphology based analysis. Journal of Mammalian Evolution 16(4):235-305. doi:10.1007/s10914-009-9119-9"
NA,Megatherioidea,superfamily added,superfamily change,"Tejada, J.V., Antoine, P.-O., Münch, P., Billet, G., Hautier, L., Delsuc, F. and Condamine, F.L. 2024. Bayesian total-evidence dating revisits sloth phylogeny and biogeography: A cautionary tale on morphological clock analyses. Systematic Biology 73(1):125-139. doi:10.1093/sysbio/syad069"
NA,Mylodontoidea,superfamily added,superfamily change,"Tejada, J.V., Antoine, P.-O., Münch, P., Billet, G., Hautier, L., Delsuc, F. and Condamine, F.L. 2024. Bayesian total-evidence dating revisits sloth phylogeny and biogeography: A cautionary tale on morphological clock analyses. Systematic Biology 73(1):125-139. doi:10.1093/sysbio/syad069"
Cheirogaleoidea,NA,superfamilies within Lemuriformes dropped because Lemuroidea is likely not monophyletic,superfamily change,
Lemuroidea,NA,superfamilies within Lemuriformes dropped because Lemuroidea is likely not monophyletic,superfamily change,
Musteloidea,NA,superfamily Musteloidea reranked as parvorder Mustelida,superfamily change,
Phocoidea,NA,superfamily Phocoidea reranked as parvorder Pinnipedia,superfamily change,
Ursoidea,NA,superfamily Ursoidea reranked as parvorder Ursida,superfamily change,
NA,Pedetoidea,superfamily added,superfamily change,"Winkler, A.J., Denys, C. and Avery, D.M. 2010. Fossil rodents of Africa. Pp. 263–304 in Werdelin, L. and Sanders, W.J. (eds.). Cenozoic Mammals of Africa. University of California Press, Berkeley, 1008 pp."
NA,Perameloidea,superfamily added to accommodate fossil taxa,superfamily change,
NA,Phalangeroidea,superfamily added,superfamily change,"Jackson, S. and Groves, C.P. 2015. Taxonomy of Australian Mammals. CSIRO Publishing, Clayton South, 529 pp. ISBN 9781486300129"
NA,Rhinocerotoidea,superfamily added to accommodate fossil taxa,superfamily change,
NA,Soricoidea,superfamily added to accommodate fossil taxa,superfamily change,
NA,Suoidea,superfamily added to accommodate fossil taxa,superfamily change,
NA,Talpoidea,superfamily added to accommodate fossil taxa,superfamily change,
NA,Tapiroidea,superfamily added to accommodate fossil taxa,superfamily change,
NA,Viverroidea,infraorder Viverroidea reranked as superfamily,superfamily change,
NA,Vombatoidea,superfamily added to accommodate fossil taxa,superfamily change,
Ameridelphia,NA,superorder Ameridelphia dropped because it is likely not monophyletic,superorder change,"Eldridge, M.D.B., Beck, R.M.D., Croft, D.A., Travouillon, K.J. and Fox, B.J. 2019. An emerging consensus in the evolution, phylogeny, and systematics of marsupials and their fossil relatives (Metatheria). Journal of Mammalogy 100(3):802-837. doi:10.1093/jmammal/gyz018"
NA,Ailurini,tribe added to accommodate fossil taxa,tribe change,"Wallace, S.C. and Lyon, L.M. 2022. Systematic revision of the Ailurinae (Mammalia: Carnivora: Ailuridae): with a new species from North America. 31-52 in Glatston, A.R. (eds.). Red Panda. Elsevier. doi:10.1016/B978-0-12-823753-3.00011-9"
NA,Ailuropodini,tribe added to accommodate fossil taxa,tribe change,"Jiangzuo, Q.-g., Flynn, J.J., Wang, S.-q., Hou, S.-k. and Deng, T. 2023. New fossil giant panda relatives (Ailuropodinae, Ursidae): A basal lineage of gigantic Mio-Pliocene cursorial carnivores. American Museum Novitates 3996:1-71. doi:10.1206/3996.1"
Microtini,Arvicolini,tribe Microtini lumped into Arvicolini,tribe change,"Kryštufek, B. and Shenbrot, G.I. 2022. Voles and Lemmings (Arvicolinae) of the Palaearctic Region. University of Maribor, Maribor. doi:10.18690/um.fnm.2.2022 ISBN 978-961-286-611-5"
NA,Canini,tribe added,tribe change,"Tedford, R.H., Wang, X.-m. and Taylor, B.E. 2009. Phylogenetic systematics of the North American fossil Caninae (Carnivora: Canidae). Bulletin of the American Museum of Natural History 325:1-218. doi:10.1206/574.1 HDL 2246/5999"
NA,Cricetini,tribe added,tribe change,"Kryštufek, B., & Shenbrot, G. I. (2025). True Hamsters (Cricetinae) of the Palaearctic Region. University of Maribor, University Press, Maribor."
NA,Cricetomyini,tribe added,tribe change,"Musser, G.G. and Carleton, M.D. 2005. Superfamily Muroidea. Pp. 894–1531 in Wilson, D.E. and Reeder, D.M. (eds.). Mammal Species of the World: A Taxonomic and Geographic Reference. Johns Hopkins University Press, Baltimore, 2142 pp. URL: http://www.bucknell.edu/msw3 ISBN 978-0-8018-8221-0"
NA,Cystophorini,tribe added,tribe change,"Fulton, T.L. and Strobeck, C. 2010. Multiple markers and multiple individuals refine true seal phylogeny and bring molecules and morphology back in line. Proceedings of the Royal Society B: Biological Sciences 277(1684):1065-1070. doi:10.1098/rspb.2009.1784"
NA,Delanymyini,tribe added,tribe change,
NA,Dipodini,tribe added,tribe change,"Lebedev, V.S., Bannikova, A.A., Pagès, M., Pisano, J., Michaux, J.R. and Shenbrot, G.I. 2013. Molecular phylogeny and systematics of Dipodoidea: a test of morphology-based hypotheses. Zoologica Scripta 42(3):231-249. doi:10.1111/zsc.12002"
NA,Echinosoricini,tribe added,tribe change,"Bannikova, A.A., Lebedev, V.S., Abramov, A.V. and Rozhnov, V.V. 2014. Contrasting evolutionary history of hedgehogs and gymnures (Mammalia: Erinaceomorpha) as inferred from a multigene study. Biological Journal of the Linnean Society 112(3):499-519. doi:10.1111/bij.12299"
NA,Elephantini,tribe added,tribe change,"Shoshani, J. and Tassy, P. 2005. Advances in proboscidean taxonomy & classification, anatomy & physiology, and ecology & behavior. Quaternary International 126-128:5-20. doi:10.1016/j.quaint.2004.04.011"
NA,Equini,tribe added to accommodate fossil taxa,tribe change,
NA,Erignathini,tribe added,tribe change,"Fulton, T.L. and Strobeck, C. 2010. Multiple markers and multiple individuals refine true seal phylogeny and bring molecules and morphology back in line. Proceedings of the Royal Society B: Biological Sciences 277(1684):1065-1070. doi:10.1098/rspb.2009.1785"
NA,Erinaceini,tribe added to accommodate fossil taxa,tribe change,
Callosciurini,Exilisciurini,tribe added,tribe change,"Musser, G.G., Durden, L.A., Holden, M.E. and Light, J.E. 2010. Systematic review of endemic Sulawesi squirrels (Rodentia, Sciuridae), with descriptions of new species of associated sucking lice (Insecta, Anoplura), and phylogenetic and zoogeographic assessments of sciurid lice. Bulletin of the American Museum of Natural History 339:1-260. doi:10.1206/695.1 HDL 2246/6067"
Taterini,Gerbillurini,"tribe name changed because Gerbillurini Pavlinov, 1982, has priority and Taterini Chevret & Dobigny, 2005, is unavailable",tribe change,
NA,Gorillini,tribe added,tribe change,
NA,Hominini,tribe added,tribe change,
NA,Hylomyini,tribe added,tribe change,"Bannikova, A.A., Lebedev, V.S., Abramov, A.V. and Rozhnov, V.V. 2014. Contrasting evolutionary history of hedgehogs and gymnures (Mammalia: Erinaceomorpha) as inferred from a multigene study. Biological Journal of the Linnean Society 112(3):499-519. doi:10.1111/bij.12299"
NA,Ictonychini,tribe added,tribe change,"Sato, J.J., Wolsan, M., Prevosti, F.J., D'Elía, G., Begg, C., Begg, K., Hosoda, T., Campbell, K.L. and Suzuki, H. 2012. Evolutionary and biogeographic history of weasel-like carnivorans (Musteloidea). Molecular Phylogenetics and Evolution 63:745-757. doi:10.1016/j.ympev.2012.02.025"
Hapalomyini,incertae sedis,dropped unavailable tribe name,tribe change,
Micromyini,incertae sedis,dropped unavailable tribe name,tribe change,
Millardini,incertae sedis,Pithecheir and Pithecheirops moved to Murinae incertae sedis,tribe change,
NA,incertae sedis,Urocyon left as incertae sedis within Caninae,tribe change,"Zrzavý, J., Duda, P., Robovský, J., Okřinová, I. and Pavelková Řičánková, V. 2018. Phylogeny of the Caninae (Carnivora): Combining morphology, behaviour, genes and fossils. Zoologica Scripta 47(4):373-389. doi:10.1111/zsc.12293"
Vandeleurini,incertae sedis,dropped unavailable tribe name,tribe change,
NA,Lobodontini,tribe added,tribe change,"Fulton, T.L. and Strobeck, C. 2010. Multiple markers and multiple individuals refine true seal phylogeny and bring molecules and morphology back in line. Proceedings of the Royal Society B: Biological Sciences 277(1684):1065-1070. doi:10.1098/rspb.2009.1790"
NA,Loxodontini,tribe added,tribe change,"Shoshani, J. and Tassy, P. 2005. Advances in proboscidean taxonomy & classification, anatomy & physiology, and ecology & behavior. Quaternary International 126-128:5-20. doi:10.1016/j.quaint.2004.04.011"
NA,Lyncodontini,tribe added,tribe change,"Sato, J.J., Wolsan, M., Prevosti, F.J., D'Elía, G., Begg, C., Begg, K., Hosoda, T., Campbell, K.L. and Suzuki, H. 2012. Evolutionary and biogeographic history of weasel-like carnivorans (Musteloidea). Molecular Phylogenetics and Evolution 63:745-757. doi:10.1016/j.ympev.2012.02.025"
Setonichini,Macropodini,dropped unavailable tribe name,tribe change,
NA,Mesocricetini,tribe added,tribe change,"Kryštufek, B., & Shenbrot, G. I. (2025). True Hamsters (Cricetinae) of the Palaearctic Region. University of Maribor, University Press, Maribor."
Millardini,Millardiini,spelling of tribe name corrected,tribe change,"Denys, C., Lecompte, É., Dubois, A. and Taylor, P.J. 2017. Diagnoses and contents of new African and Eurasian Murinae (Rodentia, Muridae) tribes. Dumerilia 7:82-90."
NA,Miroungini,tribe added,tribe change,"Fulton, T.L. and Strobeck, C. 2010. Multiple markers and multiple individuals refine true seal phylogeny and bring molecules and morphology back in line. Proceedings of the Royal Society B: Biological Sciences 277(1684):1065-1070. doi:10.1098/rspb.2009.1791"
NA,Monachini,tribe added,tribe change,"Fulton, T.L. and Strobeck, C. 2010. Multiple markers and multiple individuals refine true seal phylogeny and bring molecules and morphology back in line. Proceedings of the Royal Society B: Biological Sciences 277(1684):1065-1070. doi:10.1098/rspb.2009.1792"
NA,Myospalacini,tribe added to accommodate fossil taxa,tribe change,"Liu, L.-p., Zheng, S.-h., Cui, N. and Wang, L.-h. 2013. Myospalacines (Cricetidae, Rodentia) from the Miocene-Pliocene red clay section near Dongwan Village, Qin'an, Gansu, China and the classification of Myospalacinae. Vertebrata PalAsiatica 51(3):211-241."
NA,Mystromyini,tribe added,tribe change,
Bettongini,NA,tribe Bettongini raised to subfamily level,tribe change,"Westerman, M., Loke, S., Tan, M.H. and Kear, B.P. 2022. Mitogenome of the extinct Desert 'rat-kangaroo' times the adaptation to aridity in macropodoids. Scientific Reports 12(5829):1-10. doi:10.1038/s41598-022-09568-0"
Perimyotini,NA,dropped unavailable tribe name,tribe change,
Potoroini,NA,redundant as the other tribe of Potoroinae was raised to subfamily rank,tribe change,"Westerman, M., Loke, S., Tan, M.H. and Kear, B.P. 2022. Mitogenome of the extinct Desert 'rat-kangaroo' times the adaptation to aridity in macropodoids. Scientific Reports 12(5829):1-10. doi:10.1038/s41598-022-09568-0"
Callosciurini,Nannosciurini,"tribe name changed because Nannosciurini Forsyth Major, 1893, has priority over Callosciurini Pocock, 1923",tribe change,"Musser, G.G., Durden, L.A., Holden, M.E. and Light, J.E. 2010. Systematic review of endemic Sulawesi squirrels (Rodentia, Sciuridae), with descriptions of new species of associated sucking lice (Insecta, Anoplura), and phylogenetic and zoogeographic assessments of sciurid lice. Bulletin of the American Museum of Natural History 339:1-260. doi:10.1206/695.1 HDL 2246/6067"
Neotragini,Nesotragini,tribe added,tribe change,"Bärmann, E.V. and Schikora, T. 2014. The polyphyly of _Neotragus_ – Results from genetic and morphometric analyses. Mammalian Biology 79(4):283-286. doi:10.1016/j.mambio.2014.01.001 | Wang, S.-q., Sun, J.-m., Li, C.-x., Li, S.-j., Fu, J., Jiangzuo, Q.-g., Xing, L.-d. and Yang, R. 2023. Discovery of a fossil dwarf antelope outside of Africa and its implications for the late Miocene ecosystem in the northeast margin of the Tibetan Plateau. Gondwana Research 113:102-115. doi:10.1016/j.gr.2022.10.012"
Eptesicini,Nycticeiini,tribe lumped,tribe change,
NA,Nyctomyini,tribe added,tribe change,"Musser, G.G. and Carleton, M.D. 2005. Superfamily Muroidea. Pp. 894–1531 in Wilson, D.E. and Reeder, D.M. (eds.). Mammal Species of the World: A Taxonomic and Geographic Reference. Johns Hopkins University Press, Baltimore, 2142 pp. URL: http://www.bucknell.edu/msw3 ISBN 978-0-8018-8221-0"
NA,Odobenini,tribe added to accommodate fossil taxa,tribe change,"Magallanes, I., Parham, J.F., Santos, G.-P. and Vélez-Juarbe, J. 2018. A new tuskless walrus from the Miocene of Orange County, California, with comments on the diversity and taxonomy of odobenids. PeerJ 6:e5708. doi:10.7717/peerj.5708"
NA,Otohylomyini,tribe added,tribe change,"Bannikova, A.A., Lebedev, V.S., Abramov, A.V. and Rozhnov, V.V. 2014. Contrasting evolutionary history of hedgehogs and gymnures (Mammalia: Erinaceomorpha) as inferred from a multigene study. Biological Journal of the Linnean Society 112(3):499-519. doi:10.1111/bij.12299"
NA,Paradipodini,tribe added,tribe change,"Lebedev, V.S., Bannikova, A.A., Pagès, M., Pisano, J., Michaux, J.R. and Shenbrot, G.I. 2013. Molecular phylogeny and systematics of Dipodoidea: a test of morphology-based hypotheses. Zoologica Scripta 42(3):231-249. doi:10.1111/zsc.12002"
NA,Paradoxurini,tribe added to accommodate fossil taxa,tribe change,"Morales, J. and Pickford, M. 2011. A new paradoxurine carnivore from the Late Miocene Siwaliks of India and a review of the bunodont viverrids of Africa. Geobios 44(2-3):271-277. doi:10.1016/j.geobios.2011.02.001"
NA,Petromyscini,tribe added,tribe change,
NA,Phacochoerini,tribe added,tribe change,"Gongora, J., Cuddahee, R.E., Nascimento, F.F. do, Palgrave, C.J., Lowden, S., Ho, S.Y.W., Simond, D., Damayanti, C.S., White, D.J., Tay, W.T., Randi, E., Klingel, H., Rodrigues-Zarate, C.J., Allen, K., Moran, C. and Larson, G. 2011. Rethinking the evolution of extant sub-Saharan African suids (Suidae, Artiodactyla). Zoologica Scripta 40(4):327-335. doi:10.1111/j.1463-6409.2011.00480.x"
NA,Phocini,tribe added,tribe change,"Fulton, T.L. and Strobeck, C. 2010. Multiple markers and multiple individuals refine true seal phylogeny and bring molecules and morphology back in line. Proceedings of the Royal Society B: Biological Sciences 277(1684):1065-1070. doi:10.1098/rspb.2009.1786"
Plagiodontini,Plagiodontiini,tribe name changed in accordance with the stem of the generic name,tribe change,
NA,Pongini,tribe added to accommodate fossil taxa,tribe change,
NA,Potamochoerini,tribe added,tribe change,"Gongora, J., Cuddahee, R.E., Nascimento, F.F. do, Palgrave, C.J., Lowden, S., Ho, S.Y.W., Simond, D., Damayanti, C.S., White, D.J., Tay, W.T., Randi, E., Klingel, H., Rodrigues-Zarate, C.J., Allen, K., Moran, C. and Larson, G. 2011. Rethinking the evolution of extant sub-Saharan African suids (Suidae, Artiodactyla). Zoologica Scripta 40(4):327-335. doi:10.1111/j.1463-6409.2011.00480.x"
NA,Saccostomini,tribe added,tribe change,"Musser, G.G. and Carleton, M.D. 2005. Superfamily Muroidea. Pp. 894–1531 in Wilson, D.E. and Reeder, D.M. (eds.). Mammal Species of the World: A Taxonomic and Geographic Reference. Johns Hopkins University Press, Baltimore, 2142 pp. URL: http://www.bucknell.edu/msw3 ISBN 978-0-8018-8221-0"
NA,Suini,tribe added,tribe change,"Gongora, J., Cuddahee, R.E., Nascimento, F.F. do, Palgrave, C.J., Lowden, S., Ho, S.Y.W., Simond, D., Damayanti, C.S., White, D.J., Tay, W.T., Randi, E., Klingel, H., Rodrigues-Zarate, C.J., Allen, K., Moran, C. and Larson, G. 2011. Rethinking the evolution of extant sub-Saharan African suids (Suidae, Artiodactyla). Zoologica Scripta 40(4):327-335. doi:10.1111/j.1463-6409.2011.00480.x"
NA,Tayassuini,tribe added to accommodate fossil taxa,tribe change,"Parisi Dutra, R., Casali, D. de M., Missagia, R.V., Gasparini, G.M., Perini, F.A. and Cozzuol, M.A. 2017. Phylogenetic systematics of peccaries (Tayassuidae: Artiodactyla) and a classification of South American tayassuids. Journal of Mammalian Evolution 24(3):345-358. doi:10.1007/s10914-016-9347-8"
NA,Tylomyini,tribe added,tribe change,"Musser, G.G. and Carleton, M.D. 2005. Superfamily Muroidea. Pp. 894–1531 in Wilson, D.E. and Reeder, D.M. (eds.). Mammal Species of the World: A Taxonomic and Geographic Reference. Johns Hopkins University Press, Baltimore, 2142 pp. URL: http://www.bucknell.edu/msw3 ISBN 978-0-8018-8221-0"
NA,Urocricetini,tribe added,tribe change,"Kryštufek, B., & Shenbrot, G. I. (2025). True Hamsters (Cricetinae) of the Palaearctic Region. University of Maribor, University Press, Maribor."
Neurotrichini,Urotrichini,tribes Neurotrichini and Scaptonychini merged into Urotrichini,tribe change,"Kryštufek, B. and Motokawa, M. 2018. Family Talpidae (moles, desmans, star-nosed moles and shrew moles). Pp. 552–619 in Wilson, D.E. and Mittermeier, R.A. (eds.). Handbook of the Mammals of the World. Volume 8. Insectivores, Sloths and Colugos. Lynx, Barcelona, 709 pp."
Scaptonychini,Urotrichini,tribes Neurotrichini and Scaptonychini merged into Urotrichini,tribe change,"Kryštufek, B. and Motokawa, M. 2018. Family Talpidae (moles, desmans, star-nosed moles and shrew moles). Pp. 552–619 in Wilson, D.E. and Mittermeier, R.A. (eds.). Handbook of the Mammals of the World. Volume 8. Insectivores, Sloths and Colugos. Lynx, Barcelona, 709 pp."
NA,Vulpini,tribe added,tribe change,"Tedford, R.H., Wang, X.-m. and Taylor, B.E. 2009. Phylogenetic systematics of the North American fossil Caninae (Carnivora: Canidae). Bulletin of the American Museum of Natural History 325:1-218. doi:10.1206/574.1 HDL 2246/5999"